dataResourceUid,eventDate,decimalLatitude,decimalLongitude,geodeticDatum,verbatimLatitude,verbatimLongitude,verbatimCoordinateSystem,species,provenance
dr1411,2022-10-28T20:39:43Z,-30.501265,151.643989,EPSG:4326,-30.50126464,151.6439888,EPSG:4326,Phascolarctos cinereus,
dr1411,2023-04-03T04:37:04Z,-30.488699,151.64095,EPSG:4326,-30.48869925,151.6409501,EPSG:4326,Phascolarctos cinereus,
dr1411,2022-08-01T14:38:24Z,-30.489953,151.64102,EPSG:4326,-30.48995344,151.6410198,EPSG:4326,Phascolarctos cinereus,
dr1411,2023-01-01T07:05:00Z,-30.486778,151.639921,EPSG:4326,-30.48677794,151.6399211,EPSG:4326,Phascolarctos cinereus,
dr1411,2019-11-07T04:11:51Z,-30.484997,151.641708,EPSG:4326,-30.48499667,151.6417083,EPSG:4326,Phascolarctos cinereus,
dr1411,2021-11-27T02:20:18Z,-30.484945,151.645937,EPSG:4326,-30.484945,151.6459367,EPSG:4326,Phascolarctos cinereus,
dr1902,2015-12-01T18:01:00Z,-30.465606,151.650009,EPSG:4326,-30.46560579,151.6500093,WGS84,Phascolarctos cinereus,Individual sightings
dr1902,2022-08-02T00:00:00Z,-30.5,151.6,EPSG:4326,-30.5,151.6,WGS84,Phascolarctos cinereus,Individual sightings
dr1902,2022-08-29T16:00:00Z,-30.5,151.6,EPSG:4326,-30.5,151.6,WGS84,Phascolarctos cinereus,Individual sightings
dr1902,2016-01-18T09:59:00Z,-30.496028,151.615312,EPSG:4326,-30.49602833,151.6153117,WGS84,Phascolarctos cinereus,Individual sightings
dr340,,-30.48499,151.64221,EPSG:4326,-30.48499,151.64221,,Phascolarctos cinereus,Published dataset
dr340,,-30.51444,151.66693,EPSG:4326,-30.51444,151.66693,,Phascolarctos cinereus,Published dataset
dr340,2009-09-02T00:00:00Z,-30.51444,151.66693,EPSG:4326,-30.51444,151.66693,,Phascolarctos cinereus,Published dataset
dr340,2016-05-23T00:00:00Z,-30.50061,151.68648,EPSG:4326,-30.50061,151.68648,,Phascolarctos cinereus,Published dataset
dr340,,-30.48499,151.64221,EPSG:4326,-30.48499,151.64221,,Phascolarctos cinereus,Published dataset
dr340,2009-10-21T00:00:00Z,-30.48499,151.64221,EPSG:4326,-30.48499,151.64221,,Phascolarctos cinereus,Published dataset
dr340,2009-09-02T00:00:00Z,-30.51444,151.66693,EPSG:4326,-30.51444,151.66693,,Phascolarctos cinereus,Published dataset
dr340,2017-02-06T00:00:00Z,-30.49571,151.66131,EPSG:4326,-30.49571,151.66131,,Phascolarctos cinereus,Published dataset
dr340,2014-05-26T00:00:00Z,-30.48999,151.68444,EPSG:4326,-30.48999,151.68444,,Phascolarctos cinereus,Published dataset
dr340,2009-10-21T00:00:00Z,-30.48499,151.64221,EPSG:4326,-30.48499,151.64221,,Phascolarctos cinereus,Published dataset
dr340,2009-09-02T00:00:00Z,-30.51444,151.66693,EPSG:4326,-30.51444,151.66693,,Phascolarctos cinereus,Published dataset
dr340,2017-09-29T00:00:00Z,-30.49356,151.60328,EPSG:4326,-30.49356,151.60328,,Phascolarctos cinereus,Published dataset
dr340,,-30.48499,151.64221,EPSG:4326,-30.48499,151.64221,,Phascolarctos cinereus,Published dataset
dr340,2016-12-09T00:00:00Z,-30.52335,151.65096,EPSG:4326,-30.52335,151.65096,,Phascolarctos cinereus,Published dataset
dr340,,-30.48499,151.64221,EPSG:4326,-30.48499,151.64221,,Phascolarctos cinereus,Published dataset
dr340,,-30.48499,151.64221,EPSG:4326,-30.48499,151.64221,,Phascolarctos cinereus,Published dataset
dr364,2014-07-02T03:30:00Z,-30.486582,151.644577,EPSG:4326,-30.4865818,151.644577,WGS84,Phascolarctos cinereus,Individual sightings
dr364,2016-11-07T08:00:00Z,-30.4982,151.644588,EPSG:4326,-30.49819955,151.6445875,WGS84,Phascolarctos cinereus,Individual sightings
dr364,2016-10-21T00:10:00Z,-30.523197,151.649339,EPSG:4326,-30.52319722,151.6493389,WGS84,Phascolarctos cinereus,Individual sightings
dr364,2016-09-19T02:00:00Z,-30.509736,151.69467,EPSG:4326,-30.50973593,151.6946697,WGS84,Phascolarctos cinereus,Individual sightings
dr364,2017-10-20T13:00:00Z,-30.523138,151.662062,EPSG:4326,-30.52313787,151.6620621,,Phascolarctos cinereus,Individual sightings
dr364,2016-07-25T06:00:00Z,-30.475197,151.622894,EPSG:4326,-30.47519664,151.6228938,WGS84,Phascolarctos cinereus,Individual sightings
dr364,2016-08-30T07:30:00Z,-30.532518,151.656062,EPSG:4326,-30.53251813,151.656062,WGS84,Phascolarctos cinereus,Individual sightings
dr364,2016-10-13T22:00:00Z,-30.48631,151.645274,EPSG:4326,-30.48631046,151.6452742,WGS84,Phascolarctos cinereus,Individual sightings
dr364,2016-07-26T08:30:00Z,-30.496813,151.621606,EPSG:4326,-30.49681287,151.6216064,WGS84,Phascolarctos cinereus,Individual sightings
dr368,2014-08-04T00:00:00Z,-30.50157,151.66621,EPSG:4326,-30.50157,151.66621,GDA94,Phascolarctos cinereus,Published dataset
dr368,2017-09-13T00:00:00Z,-30.50157,151.66621,EPSG:4326,-30.50157,151.66621,GDA94,Phascolarctos cinereus,Published dataset
dr368,2006-09-06T00:00:00Z,-30.490204,151.68242,EPSG:4326,-30.4902038,151.6824205,GDA94,Phascolarctos cinereus,Published dataset
dr368,2015-10-20T00:00:00Z,-30.489491,151.683563,EPSG:4326,-30.48949127,151.6835628,GDA94,Phascolarctos cinereus,Published dataset
dr368,2010-12-17T00:00:00Z,-30.507815,151.693271,EPSG:4326,-30.50781507,151.6932707,GDA94,Phascolarctos cinereus,Published dataset
dr368,2009-09-22T00:00:00Z,-30.528536,151.66194,EPSG:4326,-30.52853588,151.66194,GDA94,Phascolarctos cinereus,Published dataset
dr368,2013-09-19T00:00:00Z,-30.524886,151.64448,EPSG:4326,-30.52488642,151.6444799,GDA94,Phascolarctos cinereus,Published dataset
dr368,2010-12-17T00:00:00Z,-30.507815,151.693271,EPSG:4326,-30.50781512,151.6932707,GDA94,Phascolarctos cinereus,Published dataset
dr368,2018-04-27T00:00:00Z,-30.50157,151.66621,EPSG:4326,-30.50157,151.66621,GDA94,Phascolarctos cinereus,Published dataset
dr368,2016-05-21T00:00:00Z,-30.50157,151.66621,EPSG:4326,-30.50157,151.66621,GDA94,Phascolarctos cinereus,Published dataset
dr368,2015-11-29T00:00:00Z,-30.50157,151.66621,EPSG:4326,-30.50157,151.66621,GDA94,Phascolarctos cinereus,Published dataset
dr368,2015-11-08T00:00:00Z,-30.484594,151.643553,EPSG:4326,-30.48459446,151.6435533,GDA94,Phascolarctos cinereus,Published dataset
dr368,2020-10-14T00:00:00Z,-30.495214,151.688632,EPSG:4326,-30.49521394,151.6886322,GDA94,Phascolarctos cinereus,Published dataset
dr368,2014-01-22T00:00:00Z,-30.501486,151.639754,EPSG:4326,-30.5014863,151.6397545,GDA94,Phascolarctos cinereus,Published dataset
dr368,2013-12-09T00:00:00Z,-30.500494,151.638879,EPSG:4326,-30.50049421,151.6388792,GDA94,Phascolarctos cinereus,Published dataset
dr368,2010-08-08T00:00:00Z,-30.507641,151.692829,EPSG:4326,-30.507641,151.6928287,GDA94,Phascolarctos cinereus,Published dataset
dr368,2018-01-04T00:00:00Z,-30.50157,151.66621,EPSG:4326,-30.50157,151.66621,GDA94,Phascolarctos cinereus,Published dataset
dr368,2013-05-08T00:00:00Z,-30.489483,151.638561,EPSG:4326,-30.48948288,151.6385609,GDA94,Phascolarctos cinereus,Published dataset
dr368,2015-04-17T00:00:00Z,-30.50157,151.66621,EPSG:4326,-30.50157,151.66621,GDA94,Phascolarctos cinereus,Published dataset
dr368,2015-01-08T00:00:00Z,-30.491689,151.679891,EPSG:4326,-30.49168944,151.6798914,GDA94,Phascolarctos cinereus,Published dataset
dr368,2015-02-01T00:00:00Z,-30.539656,151.652459,EPSG:4326,-30.53965559,151.6524591,GDA94,Phascolarctos cinereus,Published dataset
dr368,2016-12-10T00:00:00Z,-30.522573,151.666567,EPSG:4326,-30.5225734,151.6665673,GDA94,Phascolarctos cinereus,Published dataset
dr368,2009-08-04T00:00:00Z,-30.495952,151.665894,EPSG:4326,-30.49595208,151.6658941,GDA94,Phascolarctos cinereus,Published dataset
dr368,2015-02-01T00:00:00Z,-30.539656,151.652459,EPSG:4326,-30.53965554,151.6524591,GDA94,Phascolarctos cinereus,Published dataset
dr368,2013-10-01T00:00:00Z,-30.501319,151.639415,EPSG:4326,-30.501319,151.639415,GDA94,Phascolarctos cinereus,Published dataset
dr368,2013-09-10T00:00:00Z,-30.502205,151.641111,EPSG:4326,-30.50220471,151.6411106,GDA94,Phascolarctos cinereus,Published dataset
dr368,2016-12-01T00:00:00Z,-30.50157,151.66621,EPSG:4326,-30.50157,151.66621,GDA94,Phascolarctos cinereus,Published dataset
dr368,2017-01-28T00:00:00Z,-30.531973,151.661885,EPSG:4326,-30.53197347,151.6618851,GDA94,Phascolarctos cinereus,Published dataset
dr368,2014-07-28T00:00:00Z,-30.529687,151.652834,EPSG:4326,-30.52968713,151.6528343,GDA94,Phascolarctos cinereus,Published dataset
dr368,2013-08-03T00:00:00Z,-30.50157,151.66621,EPSG:4326,-30.50157,151.66621,GDA94,Phascolarctos cinereus,Published dataset
dr368,2014-07-01T00:00:00Z,-30.50157,151.66621,EPSG:4326,-30.50157,151.66621,GDA94,Phascolarctos cinereus,Published dataset
dr368,2015-02-07T00:00:00Z,-30.523935,151.647929,EPSG:4326,-30.52393488,151.6479291,GDA94,Phascolarctos cinereus,Published dataset
dr368,2010-12-14T00:00:00Z,-30.497263,151.683056,EPSG:4326,-30.49726274,151.6830559,GDA94,Phascolarctos cinereus,Published dataset
dr368,2017-03-27T00:00:00Z,-30.50157,151.66621,EPSG:4326,-30.50157,151.66621,GDA94,Phascolarctos cinereus,Published dataset
dr368,2019-01-14T00:00:00Z,-30.50157,151.66621,EPSG:4326,-30.50157,151.66621,GDA94,Phascolarctos cinereus,Published dataset
dr368,2015-10-18T00:00:00Z,-30.499888,151.637997,EPSG:4326,-30.49988822,151.6379967,GDA94,Phascolarctos cinereus,Published dataset
dr368,2019-01-07T00:00:00Z,-30.489953,151.64102,EPSG:4326,-30.4899535,151.6410199,GDA94,Phascolarctos cinereus,Published dataset
dr368,2011-07-12T00:00:00Z,-30.489953,151.64102,EPSG:4326,-30.4899535,151.6410199,GDA94,Phascolarctos cinereus,Published dataset
dr368,2014-11-05T00:00:00Z,-30.50157,151.66621,EPSG:4326,-30.50157,151.66621,GDA94,Phascolarctos cinereus,Published dataset
dr368,2014-04-21T00:00:00Z,-30.524257,151.644734,EPSG:4326,-30.52425692,151.6447338,GDA94,Phascolarctos cinereus,Published dataset
dr368,2015-12-12T00:00:00Z,-30.501079,151.694689,EPSG:4326,-30.50107946,151.6946889,GDA94,Phascolarctos cinereus,Published dataset
dr368,2017-08-27T00:00:00Z,-30.489953,151.64102,EPSG:4326,-30.4899535,151.6410199,GDA94,Phascolarctos cinereus,Published dataset
dr368,2016-04-03T00:00:00Z,-30.50157,151.66621,EPSG:4326,-30.50157,151.66621,GDA94,Phascolarctos cinereus,Published dataset
dr368,2017-12-10T00:00:00Z,-30.506765,151.635452,EPSG:4326,-30.50676471,151.6354522,GDA94,Phascolarctos cinereus,Published dataset
dr368,2018-08-22T00:00:00Z,-30.50157,151.66621,EPSG:4326,-30.50157,151.66621,GDA94,Phascolarctos cinereus,Published dataset
dr368,2019-05-25T00:00:00Z,-30.510803,151.637264,EPSG:4326,-30.51080262,151.6372644,GDA94,Phascolarctos cinereus,Published dataset
dr368,2013-10-23T00:00:00Z,-30.492684,151.642292,EPSG:4326,-30.49268433,151.6422917,GDA94,Phascolarctos cinereus,Published dataset
dr368,2016-09-27T00:00:00Z,-30.491412,151.68047,EPSG:4326,-30.49141168,151.6804696,GDA94,Phascolarctos cinereus,Published dataset
dr368,2013-11-14T00:00:00Z,-30.492689,151.691862,EPSG:4326,-30.49268888,151.6918616,GDA94,Phascolarctos cinereus,Published dataset
dr368,2013-04-04T00:00:00Z,-30.501487,151.63964,EPSG:4326,-30.50148686,151.6396396,GDA94,Phascolarctos cinereus,Published dataset
dr368,2009-08-04T00:00:00Z,-30.495952,151.665894,EPSG:4326,-30.49595212,151.6658941,GDA94,Phascolarctos cinereus,Published dataset
dr368,2010-11-22T00:00:00Z,-30.507385,151.693595,EPSG:4326,-30.50738463,151.6935945,GDA94,Phascolarctos cinereus,Published dataset
dr368,2015-10-21T00:00:00Z,-30.50538,151.681205,EPSG:4326,-30.50537994,151.6812052,GDA94,Phascolarctos cinereus,Published dataset
dr368,2013-10-21T00:00:00Z,-30.501372,151.639382,EPSG:4326,-30.50137222,151.6393816,GDA94,Phascolarctos cinereus,Published dataset
dr368,2011-03-03T00:00:00Z,-30.495046,151.701532,EPSG:4326,-30.49504568,151.7015322,GDA94,Phascolarctos cinereus,Published dataset
dr368,2014-01-09T00:00:00Z,-30.524561,151.643137,EPSG:4326,-30.52456063,151.643137,GDA94,Phascolarctos cinereus,Published dataset
dr368,2010-10-16T00:00:00Z,-30.492674,151.679562,EPSG:4326,-30.4926739,151.6795622,GDA94,Phascolarctos cinereus,Published dataset
dr368,2013-05-04T00:00:00Z,-30.50814,151.650088,EPSG:4326,-30.50814003,151.6500878,GDA94,Phascolarctos cinereus,Published dataset
dr368,2010-11-22T00:00:00Z,-30.507385,151.693594,EPSG:4326,-30.50738459,151.6935945,GDA94,Phascolarctos cinereus,Published dataset
dr368,2018-11-02T00:00:00Z,-30.50157,151.66621,EPSG:4326,-30.50157,151.66621,GDA94,Phascolarctos cinereus,Published dataset
dr368,2015-03-04T00:00:00Z,-30.527389,151.648078,EPSG:4326,-30.52738893,151.6480783,GDA94,Phascolarctos cinereus,Published dataset
dr368,2010-09-04T00:00:00Z,-30.524569,151.637229,EPSG:4326,-30.52456947,151.6372292,GDA94,Phascolarctos cinereus,Published dataset
dr368,2016-10-25T00:00:00Z,-30.50157,151.66621,EPSG:4326,-30.50157,151.66621,GDA94,Phascolarctos cinereus,Published dataset
dr368,2014-02-06T00:00:00Z,-30.524334,151.642648,EPSG:4326,-30.52433377,151.6426483,GDA94,Phascolarctos cinereus,Published dataset
dr368,2015-07-31T00:00:00Z,-30.529663,151.660726,EPSG:4326,-30.52966296,151.6607262,GDA94,Phascolarctos cinereus,Published dataset
dr368,2013-09-22T00:00:00Z,-30.490457,151.682745,EPSG:4326,-30.49045705,151.6827453,GDA94,Phascolarctos cinereus,Published dataset
dr368,2013-07-11T00:00:00Z,-30.496068,151.642985,EPSG:4326,-30.49606791,151.6429849,GDA94,Phascolarctos cinereus,Published dataset
dr368,2013-11-06T00:00:00Z,-30.50157,151.66621,EPSG:4326,-30.50157,151.66621,GDA94,Phascolarctos cinereus,Published dataset
dr368,2013-12-02T00:00:00Z,-30.523669,151.646618,EPSG:4326,-30.52366864,151.6466178,GDA94,Phascolarctos cinereus,Published dataset
dr368,2013-11-06T00:00:00Z,-30.503011,151.649649,EPSG:4326,-30.50301128,151.6496485,GDA94,Phascolarctos cinereus,Published dataset
dr368,2014-12-10T00:00:00Z,-30.533238,151.656184,EPSG:4326,-30.53323828,151.6561845,GDA94,Phascolarctos cinereus,Published dataset
dr368,2014-09-03T00:00:00Z,-30.470638,151.670577,EPSG:4326,-30.47063834,151.6705774,GDA94,Phascolarctos cinereus,Published dataset
dr368,2015-12-19T00:00:00Z,-30.500585,151.680338,EPSG:4326,-30.5005848,151.6803383,GDA94,Phascolarctos cinereus,Published dataset
dr368,2018-09-18T00:00:00Z,-30.489557,151.681307,EPSG:4326,-30.48955723,151.6813074,GDA94,Phascolarctos cinereus,Published dataset
dr368,2013-08-05T00:00:00Z,-30.501691,151.63951,EPSG:4326,-30.501691,151.6395095,GDA94,Phascolarctos cinereus,Published dataset
dr368,2013-08-20T00:00:00Z,-30.50157,151.66621,EPSG:4326,-30.50157,151.66621,GDA94,Phascolarctos cinereus,Published dataset
dr368,2017-06-18T00:00:00Z,-30.471157,151.63448,EPSG:4326,-30.47115679,151.6344804,GDA94,Phascolarctos cinereus,Published dataset
dr368,2018-10-27T00:00:00Z,-30.50157,151.66621,EPSG:4326,-30.50157,151.66621,GDA94,Phascolarctos cinereus,Published dataset
dr368,2013-05-17T00:00:00Z,-30.514255,151.630667,EPSG:4326,-30.51425492,151.6306667,GDA94,Phascolarctos cinereus,Published dataset
dr368,2014-02-06T00:00:00Z,-30.500342,151.640027,EPSG:4326,-30.50034197,151.6400273,GDA94,Phascolarctos cinereus,Published dataset
dr368,2015-04-09T00:00:00Z,-30.486842,151.640998,EPSG:4326,-30.48684215,151.6409983,GDA94,Phascolarctos cinereus,Published dataset
dr368,2010-08-08T00:00:00Z,-30.507844,151.692721,EPSG:4326,-30.50784353,151.6927214,GDA94,Phascolarctos cinereus,Published dataset
dr368,2013-05-04T00:00:00Z,-30.50814,151.650088,EPSG:4326,-30.50813999,151.6500878,GDA94,Phascolarctos cinereus,Published dataset
dr368,2013-03-25T00:00:00Z,-30.50157,151.66621,EPSG:4326,-30.50157,151.66621,GDA94,Phascolarctos cinereus,Published dataset
dr368,2009-08-12T00:00:00Z,-30.524591,151.660201,EPSG:4326,-30.52459096,151.660201,GDA94,Phascolarctos cinereus,Published dataset
dr368,2017-01-30T00:00:00Z,-30.50157,151.66621,EPSG:4326,-30.50157,151.66621,GDA94,Phascolarctos cinereus,Published dataset
dr368,2013-10-11T00:00:00Z,-30.501347,151.639388,EPSG:4326,-30.50134657,151.6393877,GDA94,Phascolarctos cinereus,Published dataset
dr368,2013-10-22T00:00:00Z,-30.487384,151.611344,EPSG:4326,-30.4873837,151.6113443,GDA94,Phascolarctos cinereus,Published dataset
dr368,2012-09-05T00:00:00Z,-30.524884,151.643911,EPSG:4326,-30.52488419,151.6439105,GDA94,Phascolarctos cinereus,Published dataset
dr368,2013-09-10T00:00:00Z,-30.501303,151.639404,EPSG:4326,-30.50130281,151.6394037,GDA94,Phascolarctos cinereus,Published dataset
dr368,2009-06-26T00:00:00Z,-30.509021,151.67547,EPSG:4326,-30.50902053,151.67547,GDA94,Phascolarctos cinereus,Published dataset
dr368,2013-12-11T00:00:00Z,-30.501435,151.639737,EPSG:4326,-30.50143547,151.6397371,GDA94,Phascolarctos cinereus,Published dataset
dr368,2013-10-10T00:00:00Z,-30.493878,151.653984,EPSG:4326,-30.49387788,151.653984,GDA94,Phascolarctos cinereus,Published dataset
dr368,2013-09-07T00:00:00Z,-30.495354,151.665785,EPSG:4326,-30.49535391,151.665785,GDA94,Phascolarctos cinereus,Published dataset
dr368,2017-08-26T00:00:00Z,-30.50157,151.66621,EPSG:4326,-30.50157,151.66621,GDA94,Phascolarctos cinereus,Published dataset
dr368,2016-09-21T00:00:00Z,-30.524957,151.643493,EPSG:4326,-30.52495656,151.6434925,GDA94,Phascolarctos cinereus,Published dataset
dr368,2013-05-05T00:00:00Z,-30.494322,151.690129,EPSG:4326,-30.49432218,151.6901288,GDA94,Phascolarctos cinereus,Published dataset
dr368,2013-03-21T00:00:00Z,-30.498182,151.673217,EPSG:4326,-30.49818174,151.673217,GDA94,Phascolarctos cinereus,Published dataset
dr368,2018-07-31T00:00:00Z,-30.50157,151.66621,EPSG:4326,-30.50157,151.66621,GDA94,Phascolarctos cinereus,Published dataset
dr368,2018-01-27T00:00:00Z,-30.47443,151.621511,EPSG:4326,-30.47442952,151.6215113,GDA94,Phascolarctos cinereus,Published dataset
dr368,2013-12-03T00:00:00Z,-30.524171,151.646248,EPSG:4326,-30.52417136,151.646248,GDA94,Phascolarctos cinereus,Published dataset
dr368,2015-11-04T00:00:00Z,-30.494313,151.689906,EPSG:4326,-30.49431296,151.6899063,GDA94,Phascolarctos cinereus,Published dataset
dr368,2017-12-10T00:00:00Z,-30.50157,151.66621,EPSG:4326,-30.50157,151.66621,GDA94,Phascolarctos cinereus,Published dataset
dr368,2015-02-27T00:00:00Z,-30.531042,151.65926,EPSG:4326,-30.53104178,151.6592601,GDA94,Phascolarctos cinereus,Published dataset
dr368,2011-03-03T00:00:00Z,-30.495046,151.701532,EPSG:4326,-30.49504572,151.7015322,GDA94,Phascolarctos cinereus,Published dataset
dr368,2015-11-04T00:00:00Z,-30.494313,151.689906,EPSG:4326,-30.494313,151.6899063,GDA94,Phascolarctos cinereus,Published dataset
dr368,2015-02-24T00:00:00Z,-30.50157,151.66621,EPSG:4326,-30.50157,151.66621,GDA94,Phascolarctos cinereus,Published dataset
dr368,2013-12-11T00:00:00Z,-30.524359,151.642849,EPSG:4326,-30.52435858,151.6428487,GDA94,Phascolarctos cinereus,Published dataset
dr368,2015-02-04T00:00:00Z,-30.511585,151.600655,EPSG:4326,-30.5115854,151.6006548,GDA94,Phascolarctos cinereus,Published dataset
dr368,2014-06-01T00:00:00Z,-30.512864,151.666701,EPSG:4326,-30.5128641,151.6667014,GDA94,Phascolarctos cinereus,Published dataset
dr368,2017-06-06T00:00:00Z,-30.486983,151.645145,EPSG:4326,-30.48698259,151.6451448,GDA94,Phascolarctos cinereus,Published dataset
dr368,2015-12-01T00:00:00Z,-30.498422,151.644415,EPSG:4326,-30.49842198,151.6444149,GDA94,Phascolarctos cinereus,Published dataset
dr368,2009-08-13T00:00:00Z,-30.4893,151.685856,EPSG:4326,-30.4893002,151.6858557,GDA94,Phascolarctos cinereus,Published dataset
dr368,2013-10-10T00:00:00Z,-30.492994,151.641226,EPSG:4326,-30.49299386,151.6412263,GDA94,Phascolarctos cinereus,Published dataset
dr368,2012-10-01T00:00:00Z,-30.530071,151.661582,EPSG:4326,-30.5300712,151.6615818,GDA94,Phascolarctos cinereus,Published dataset
dr368,2015-01-08T00:00:00Z,-30.496147,151.680909,EPSG:4326,-30.49614733,151.6809093,GDA94,Phascolarctos cinereus,Published dataset
dr368,2013-10-21T00:00:00Z,-30.501372,151.639382,EPSG:4326,-30.50137218,151.6393816,GDA94,Phascolarctos cinereus,Published dataset
dr368,2013-06-23T00:00:00Z,-30.484187,151.662559,EPSG:4326,-30.48418677,151.6625594,GDA94,Phascolarctos cinereus,Published dataset
dr368,2013-12-20T00:00:00Z,-30.521728,151.648974,EPSG:4326,-30.52172845,151.648974,GDA94,Phascolarctos cinereus,Published dataset
dr368,2010-12-05T00:00:00Z,-30.507582,151.693365,EPSG:4326,-30.50758224,151.6933653,GDA94,Phascolarctos cinereus,Published dataset
dr368,2013-11-25T00:00:00Z,-30.501403,151.639402,EPSG:4326,-30.50140306,151.6394023,GDA94,Phascolarctos cinereus,Published dataset
dr368,2010-12-14T00:00:00Z,-30.498139,151.67323,EPSG:4326,-30.49813915,151.6732298,GDA94,Phascolarctos cinereus,Published dataset
dr368,2010-02-04T00:00:00Z,-30.493263,151.676291,EPSG:4326,-30.49326316,151.6762906,GDA94,Phascolarctos cinereus,Published dataset
dr368,2012-09-06T00:00:00Z,-30.529388,151.672403,EPSG:4326,-30.52938846,151.6724033,GDA94,Phascolarctos cinereus,Published dataset
dr368,2011-01-19T00:00:00Z,-30.49341,151.700369,EPSG:4326,-30.49341005,151.7003695,GDA94,Phascolarctos cinereus,Published dataset
dr368,2013-06-23T00:00:00Z,-30.484187,151.662559,EPSG:4326,-30.48418682,151.6625594,GDA94,Phascolarctos cinereus,Published dataset
dr368,2006-10-17T00:00:00Z,-30.489929,151.683865,EPSG:4326,-30.48992868,151.6838648,GDA94,Phascolarctos cinereus,Published dataset
dr368,2014-03-06T00:00:00Z,-30.501865,151.639364,EPSG:4326,-30.50186525,151.6393635,GDA94,Phascolarctos cinereus,Published dataset
dr368,2019-10-13T00:00:00Z,-30.490992,151.680734,EPSG:4326,-30.4909916,151.6807341,GDA94,Phascolarctos cinereus,Published dataset
dr368,2013-12-11T00:00:00Z,-30.501435,151.639737,EPSG:4326,-30.50143543,151.6397371,GDA94,Phascolarctos cinereus,Published dataset
dr368,2019-04-18T00:00:00Z,-30.50499,151.599103,EPSG:4326,-30.50499022,151.5991029,GDA94,Phascolarctos cinereus,Published dataset
dr368,2016-11-08T00:00:00Z,-30.50157,151.66621,EPSG:4326,-30.50157,151.66621,GDA94,Phascolarctos cinereus,Published dataset
dr368,2013-12-29T00:00:00Z,-30.524369,151.643636,EPSG:4326,-30.52436922,151.6436359,GDA94,Phascolarctos cinereus,Published dataset
dr368,2013-12-10T00:00:00Z,-30.494505,151.638639,EPSG:4326,-30.49450534,151.638639,GDA94,Phascolarctos cinereus,Published dataset
dr368,2013-08-07T00:00:00Z,-30.474974,151.679995,EPSG:4326,-30.47497406,151.6799952,GDA94,Phascolarctos cinereus,Published dataset
dr368,2013-12-28T00:00:00Z,-30.501773,151.63925,EPSG:4326,-30.5017729,151.6392498,GDA94,Phascolarctos cinereus,Published dataset
dr368,2016-12-09T00:00:00Z,-30.50157,151.66621,EPSG:4326,-30.50157,151.66621,GDA94,Phascolarctos cinereus,Published dataset
dr368,2010-08-19T00:00:00Z,-30.529342,151.661653,EPSG:4326,-30.52934219,151.6616531,GDA94,Phascolarctos cinereus,Published dataset
dr368,2016-03-05T00:00:00Z,-30.532099,151.662038,EPSG:4326,-30.5320994,151.6620379,GDA94,Phascolarctos cinereus,Published dataset
dr368,2015-03-04T00:00:00Z,-30.52733,151.648105,EPSG:4326,-30.52732998,151.6481047,GDA94,Phascolarctos cinereus,Published dataset
dr368,2018-08-14T00:00:00Z,-30.50157,151.66621,EPSG:4326,-30.50157,151.66621,GDA94,Phascolarctos cinereus,Published dataset
dr368,2012-10-01T00:00:00Z,-30.529754,151.661739,EPSG:4326,-30.52975447,151.6617394,GDA94,Phascolarctos cinereus,Published dataset
dr368,2010-08-08T00:00:00Z,-30.507481,151.693084,EPSG:4326,-30.50748131,151.6930836,GDA94,Phascolarctos cinereus,Published dataset
dr368,2009-09-22T00:00:00Z,-30.528536,151.66194,EPSG:4326,-30.52853592,151.66194,GDA94,Phascolarctos cinereus,Published dataset
dr368,2011-07-12T00:00:00Z,-30.488215,151.695315,EPSG:4326,-30.4882154,151.6953153,GDA94,Phascolarctos cinereus,Published dataset
dr368,2013-08-19T00:00:00Z,-30.49526,151.643416,EPSG:4326,-30.49526038,151.6434156,GDA94,Phascolarctos cinereus,Published dataset
dr368,2013-09-16T00:00:00Z,-30.493916,151.643632,EPSG:4326,-30.49391636,151.6436317,GDA94,Phascolarctos cinereus,Published dataset
dr368,2013-12-12T00:00:00Z,-30.501299,151.639442,EPSG:4326,-30.50129906,151.639442,GDA94,Phascolarctos cinereus,Published dataset
dr368,2015-12-01T00:00:00Z,-30.498422,151.644415,EPSG:4326,-30.49842195,151.6444149,GDA94,Phascolarctos cinereus,Published dataset
dr368,2014-11-01T00:00:00Z,-30.531277,151.661093,EPSG:4326,-30.53127736,151.6610927,GDA94,Phascolarctos cinereus,Published dataset
dr368,2014-07-28T00:00:00Z,-30.529687,151.652834,EPSG:4326,-30.52968709,151.6528343,GDA94,Phascolarctos cinereus,Published dataset
dr368,2016-02-10T00:00:00Z,-30.487485,151.644391,EPSG:4326,-30.48748529,151.6443908,GDA94,Phascolarctos cinereus,Published dataset
dr368,2014-11-01T00:00:00Z,-30.531277,151.661093,EPSG:4326,-30.5312774,151.6610926,GDA94,Phascolarctos cinereus,Published dataset
dr368,2015-02-27T00:00:00Z,-30.531042,151.65926,EPSG:4326,-30.53104174,151.6592601,GDA94,Phascolarctos cinereus,Published dataset
dr368,2020-10-26T00:00:00Z,-30.515005,151.662782,EPSG:4326,-30.51500522,151.6627823,GDA94,Phascolarctos cinereus,Published dataset
dr368,2014-01-11T00:00:00Z,-30.524745,151.643547,EPSG:4326,-30.52474523,151.6435471,GDA94,Phascolarctos cinereus,Published dataset
dr368,2014-06-04T00:00:00Z,-30.534813,151.656814,EPSG:4326,-30.53481318,151.6568143,GDA94,Phascolarctos cinereus,Published dataset
dr368,2013-12-20T00:00:00Z,-30.520863,151.649338,EPSG:4326,-30.52086329,151.6493384,GDA94,Phascolarctos cinereus,Published dataset
dr368,2014-02-06T00:00:00Z,-30.500342,151.640027,EPSG:4326,-30.50034201,151.6400273,GDA94,Phascolarctos cinereus,Published dataset
dr368,2012-10-05T00:00:00Z,-30.510498,151.637033,EPSG:4326,-30.51049815,151.6370334,GDA94,Phascolarctos cinereus,Published dataset
dr368,2011-01-01T00:00:00Z,-30.492934,151.701881,EPSG:4326,-30.49293369,151.701881,GDA94,Phascolarctos cinereus,Published dataset
dr368,2015-10-18T00:00:00Z,-30.499888,151.637997,EPSG:4326,-30.49988826,151.6379967,GDA94,Phascolarctos cinereus,Published dataset
dr368,2014-01-08T00:00:00Z,-30.500572,151.640748,EPSG:4326,-30.50057171,151.640748,GDA94,Phascolarctos cinereus,Published dataset
dr368,2011-12-25T00:00:00Z,-30.524396,151.646126,EPSG:4326,-30.52439557,151.6461261,GDA94,Phascolarctos cinereus,Published dataset
dr368,2015-02-07T00:00:00Z,-30.531373,151.661341,EPSG:4326,-30.53137331,151.6613405,GDA94,Phascolarctos cinereus,Published dataset
dr368,2015-01-04T00:00:00Z,-30.528561,151.655304,EPSG:4326,-30.5285606,151.6553041,GDA94,Phascolarctos cinereus,Published dataset
dr368,2010-08-08T00:00:00Z,-30.507641,151.692829,EPSG:4326,-30.50764096,151.6928287,GDA94,Phascolarctos cinereus,Published dataset
dr368,2009-09-04T00:00:00Z,-30.494988,151.699978,EPSG:4326,-30.49498752,151.6999784,GDA94,Phascolarctos cinereus,Published dataset
dr368,2013-11-19T00:00:00Z,-30.495243,151.688476,EPSG:4326,-30.49524289,151.6884758,GDA94,Phascolarctos cinereus,Published dataset
dr368,2015-01-08T00:00:00Z,-30.496147,151.680909,EPSG:4326,-30.49614729,151.6809093,GDA94,Phascolarctos cinereus,Published dataset
dr368,2010-12-16T00:00:00Z,-30.498772,151.677504,EPSG:4326,-30.49877206,151.677504,GDA94,Phascolarctos cinereus,Published dataset
dr368,2014-12-14T00:00:00Z,-30.526029,151.643623,EPSG:4326,-30.52602937,151.6436226,GDA94,Phascolarctos cinereus,Published dataset
dr368,2010-10-10T00:00:00Z,-30.494518,151.700083,EPSG:4326,-30.49451844,151.7000833,GDA94,Phascolarctos cinereus,Published dataset
dr368,2014-08-30T00:00:00Z,-30.534669,151.663439,EPSG:4326,-30.5346694,151.6634392,GDA94,Phascolarctos cinereus,Published dataset
dr368,2020-05-08T00:00:00Z,-30.492865,151.602102,EPSG:4326,-30.49286515,151.6021018,GDA94,Phascolarctos cinereus,Published dataset
dr368,2016-04-18T00:00:00Z,-30.524486,151.643771,EPSG:4326,-30.52448577,151.6437708,GDA94,Phascolarctos cinereus,Published dataset
dr368,2013-12-31T00:00:00Z,-30.524467,151.64305,EPSG:4326,-30.5244669,151.6430502,GDA94,Phascolarctos cinereus,Published dataset
dr368,2022-08-04T00:00:00Z,-30.48466,151.677366,EPSG:4326,-30.48466,151.677366,GDA94,Phascolarctos cinereus,Published dataset
dr368,2010-12-10T00:00:00Z,-30.49813,151.677332,EPSG:4326,-30.49812965,151.677332,GDA94,Phascolarctos cinereus,Published dataset
dr368,2013-08-30T00:00:00Z,-30.501284,151.63941,EPSG:4326,-30.50128371,151.6394097,GDA94,Phascolarctos cinereus,Published dataset
dr368,2013-12-12T00:00:00Z,-30.501299,151.639442,EPSG:4326,-30.50129902,151.639442,GDA94,Phascolarctos cinereus,Published dataset
dr368,2015-10-21T00:00:00Z,-30.495003,151.683974,EPSG:4326,-30.49500297,151.6839743,GDA94,Phascolarctos cinereus,Published dataset
dr368,2013-10-10T00:00:00Z,-30.493878,151.653984,EPSG:4326,-30.49387793,151.653984,GDA94,Phascolarctos cinereus,Published dataset
dr368,2009-09-06T00:00:00Z,-30.490041,151.68212,EPSG:4326,-30.49004055,151.6821204,GDA94,Phascolarctos cinereus,Published dataset
dr368,2010-02-04T00:00:00Z,-30.493263,151.676291,EPSG:4326,-30.49326312,151.6762906,GDA94,Phascolarctos cinereus,Published dataset
dr368,2013-12-12T00:00:00Z,-30.529082,151.645008,EPSG:4326,-30.52908167,151.6450084,GDA94,Phascolarctos cinereus,Published dataset
dr368,2010-12-10T00:00:00Z,-30.49813,151.677332,EPSG:4326,-30.49812969,151.677332,GDA94,Phascolarctos cinereus,Published dataset
dr368,2013-12-28T00:00:00Z,-30.524409,151.642948,EPSG:4326,-30.52440941,151.6429476,GDA94,Phascolarctos cinereus,Published dataset
dr368,2013-09-18T00:00:00Z,-30.493436,151.642676,EPSG:4326,-30.49343629,151.642676,GDA94,Phascolarctos cinereus,Published dataset
dr368,2015-07-03T00:00:00Z,-30.495087,151.665822,EPSG:4326,-30.49508727,151.665822,GDA94,Phascolarctos cinereus,Published dataset
dr368,2014-09-03T00:00:00Z,-30.470638,151.670577,EPSG:4326,-30.47063837,151.6705774,GDA94,Phascolarctos cinereus,Published dataset
dr368,2013-11-02T00:00:00Z,-30.489968,151.68235,EPSG:4326,-30.489968,151.6823496,GDA94,Phascolarctos cinereus,Published dataset
dr368,2013-08-30T00:00:00Z,-30.501284,151.63941,EPSG:4326,-30.50128375,151.6394097,GDA94,Phascolarctos cinereus,Published dataset
dr368,2019-05-04T00:00:00Z,-30.489421,151.636808,EPSG:4326,-30.48942103,151.6368078,GDA94,Phascolarctos cinereus,Published dataset
dr368,2018-09-18T00:00:00Z,-30.50157,151.66621,EPSG:4326,-30.50157,151.66621,GDA94,Phascolarctos cinereus,Published dataset
dr368,2013-12-28T00:00:00Z,-30.524409,151.642948,EPSG:4326,-30.52440945,151.6429476,GDA94,Phascolarctos cinereus,Published dataset
dr368,2015-03-22T00:00:00Z,-30.4916,151.679824,EPSG:4326,-30.49159986,151.6798242,GDA94,Phascolarctos cinereus,Published dataset
dr368,2013-08-22T00:00:00Z,-30.495562,151.65797,EPSG:4326,-30.49556217,151.6579695,GDA94,Phascolarctos cinereus,Published dataset
dr368,2020-05-08T00:00:00Z,-30.492845,151.602132,EPSG:4326,-30.49284491,151.6021318,GDA94,Phascolarctos cinereus,Published dataset
dr368,2009-11-12T00:00:00Z,-30.502571,151.677481,EPSG:4326,-30.50257138,151.6774805,GDA94,Phascolarctos cinereus,Published dataset
dr368,2013-09-10T00:00:00Z,-30.502205,151.641111,EPSG:4326,-30.50220475,151.6411106,GDA94,Phascolarctos cinereus,Published dataset
dr368,2019-10-24T00:00:00Z,-30.495155,151.683349,EPSG:4326,-30.4951546,151.6833488,GDA94,Phascolarctos cinereus,Published dataset
dr368,2012-01-08T00:00:00Z,-30.500188,151.687535,EPSG:4326,-30.50018784,151.6875351,GDA94,Phascolarctos cinereus,Published dataset
dr368,2015-01-26T00:00:00Z,-30.527487,151.671542,EPSG:4326,-30.52748706,151.671542,GDA94,Phascolarctos cinereus,Published dataset
dr368,2014-06-04T00:00:00Z,-30.534979,151.657025,EPSG:4326,-30.53497913,151.6570249,GDA94,Phascolarctos cinereus,Published dataset
dr368,2010-09-07T00:00:00Z,-30.494263,151.635854,EPSG:4326,-30.4942626,151.635854,GDA94,Phascolarctos cinereus,Published dataset
dr368,2013-08-07T00:00:00Z,-30.474974,151.679995,EPSG:4326,-30.47497402,151.6799952,GDA94,Phascolarctos cinereus,Published dataset
dr368,2018-09-05T00:00:00Z,-30.530407,151.690315,EPSG:4326,-30.53040724,151.6903152,GDA94,Phascolarctos cinereus,Published dataset
dr368,2010-08-08T00:00:00Z,-30.507481,151.693084,EPSG:4326,-30.50748136,151.6930836,GDA94,Phascolarctos cinereus,Published dataset
dr368,2014-05-06T00:00:00Z,-30.487506,151.696727,EPSG:4326,-30.48750649,151.6967265,GDA94,Phascolarctos cinereus,Published dataset
dr368,2010-12-23T00:00:00Z,-30.507813,151.694578,EPSG:4326,-30.5078131,151.6945776,GDA94,Phascolarctos cinereus,Published dataset
dr368,2013-12-10T00:00:00Z,-30.494505,151.638639,EPSG:4326,-30.49450538,151.638639,GDA94,Phascolarctos cinereus,Published dataset
dr368,2014-06-12T00:00:00Z,-30.494547,151.690187,EPSG:4326,-30.49454667,151.6901872,GDA94,Phascolarctos cinereus,Published dataset
dr368,2017-10-23T00:00:00Z,-30.484843,151.641097,EPSG:4326,-30.48484287,151.6410966,GDA94,Phascolarctos cinereus,Published dataset
dr368,2019-02-19T00:00:00Z,-30.535271,151.657127,EPSG:4326,-30.53527147,151.6571267,GDA94,Phascolarctos cinereus,Published dataset
dr368,2014-12-10T00:00:00Z,-30.533238,151.656185,EPSG:4326,-30.53323832,151.6561845,GDA94,Phascolarctos cinereus,Published dataset
dr368,2007-09-06T00:00:00Z,-30.490217,151.682649,EPSG:4326,-30.49021688,151.6826485,GDA94,Phascolarctos cinereus,Published dataset
dr368,2015-12-01T00:00:00Z,-30.497655,151.624276,EPSG:4326,-30.49765481,151.6242757,GDA94,Phascolarctos cinereus,Published dataset
dr368,2014-09-23T00:00:00Z,-30.530978,151.656978,EPSG:4326,-30.530978,151.6569784,GDA94,Phascolarctos cinereus,Published dataset
dr368,2004-07-01T00:00:00Z,-30.506272,151.658979,EPSG:4326,-30.50627181,151.6589794,GDA94,Phascolarctos cinereus,Published dataset
dr368,2013-07-19T00:00:00Z,-30.497496,151.642644,EPSG:4326,-30.49749611,151.6426443,GDA94,Phascolarctos cinereus,Published dataset
dr368,2014-06-04T00:00:00Z,-30.534813,151.656814,EPSG:4326,-30.53481314,151.6568143,GDA94,Phascolarctos cinereus,Published dataset
dr368,2013-11-25T00:00:00Z,-30.501374,151.639411,EPSG:4326,-30.50137415,151.6394113,GDA94,Phascolarctos cinereus,Published dataset
dr368,2013-11-15T00:00:00Z,-30.500157,151.639534,EPSG:4326,-30.50015739,151.6395336,GDA94,Phascolarctos cinereus,Published dataset
dr368,2018-03-29T00:00:00Z,-30.487255,151.697606,EPSG:4326,-30.48725476,151.6976057,GDA94,Phascolarctos cinereus,Published dataset
dr368,2013-11-15T00:00:00Z,-30.500128,151.639411,EPSG:4326,-30.50012788,151.6394115,GDA94,Phascolarctos cinereus,Published dataset
dr368,2013-12-20T00:00:00Z,-30.521728,151.648974,EPSG:4326,-30.52172849,151.648974,GDA94,Phascolarctos cinereus,Published dataset
dr368,2015-11-15T00:00:00Z,-30.49465,151.672464,EPSG:4326,-30.4946495,151.6724636,GDA94,Phascolarctos cinereus,Published dataset
dr368,2010-10-10T00:00:00Z,-30.494518,151.700083,EPSG:4326,-30.4945184,151.7000833,GDA94,Phascolarctos cinereus,Published dataset
dr368,2009-11-12T00:00:00Z,-30.502571,151.677481,EPSG:4326,-30.50257134,151.6774805,GDA94,Phascolarctos cinereus,Published dataset
dr368,2013-08-05T00:00:00Z,-30.501647,151.639435,EPSG:4326,-30.50164707,151.6394354,GDA94,Phascolarctos cinereus,Published dataset
dr368,2014-01-09T00:00:00Z,-30.524561,151.643137,EPSG:4326,-30.52456059,151.643137,GDA94,Phascolarctos cinereus,Published dataset
dr368,2014-04-21T00:00:00Z,-30.524257,151.644734,EPSG:4326,-30.52425688,151.6447338,GDA94,Phascolarctos cinereus,Published dataset
dr368,2018-09-19T00:00:00Z,-30.50157,151.66621,EPSG:4326,-30.50157,151.66621,GDA94,Phascolarctos cinereus,Published dataset
dr368,2015-06-03T00:00:00Z,-30.491818,151.628072,EPSG:4326,-30.4918177,151.6280719,GDA94,Phascolarctos cinereus,Published dataset
dr368,2015-12-12T00:00:00Z,-30.501031,151.694491,EPSG:4326,-30.50103071,151.6944914,GDA94,Phascolarctos cinereus,Published dataset
dr368,2015-12-07T00:00:00Z,-30.489833,151.642621,EPSG:4326,-30.48983251,151.6426213,GDA94,Phascolarctos cinereus,Published dataset
dr368,2010-01-15T00:00:00Z,-30.527292,151.662248,EPSG:4326,-30.52729205,151.6622483,GDA94,Phascolarctos cinereus,Published dataset
dr368,2009-09-06T00:00:00Z,-30.490041,151.68212,EPSG:4326,-30.49004059,151.6821204,GDA94,Phascolarctos cinereus,Published dataset
dr368,2015-02-04T00:00:00Z,-30.511585,151.600655,EPSG:4326,-30.51158536,151.6006548,GDA94,Phascolarctos cinereus,Published dataset
dr368,2013-04-04T00:00:00Z,-30.501487,151.63964,EPSG:4326,-30.50148682,151.6396396,GDA94,Phascolarctos cinereus,Published dataset
dr368,2009-03-01T00:00:00Z,-30.524279,151.643449,EPSG:4326,-30.52427941,151.6434495,GDA94,Phascolarctos cinereus,Published dataset
dr368,2015-07-29T00:00:00Z,-30.492334,151.678785,EPSG:4326,-30.4923342,151.6787853,GDA94,Phascolarctos cinereus,Published dataset
dr368,2016-11-18T00:00:00Z,-30.50157,151.66621,EPSG:4326,-30.50157,151.66621,GDA94,Phascolarctos cinereus,Published dataset
dr368,2015-02-10T00:00:00Z,-30.49002,151.682776,EPSG:4326,-30.49001961,151.6827757,GDA94,Phascolarctos cinereus,Published dataset
dr368,2015-07-31T00:00:00Z,-30.529663,151.660726,EPSG:4326,-30.52966292,151.6607262,GDA94,Phascolarctos cinereus,Published dataset
dr368,2013-07-11T00:00:00Z,-30.496068,151.642985,EPSG:4326,-30.49606786,151.6429849,GDA94,Phascolarctos cinereus,Published dataset
dr368,2013-10-01T00:00:00Z,-30.492588,151.689078,EPSG:4326,-30.492588,151.689078,GDA94,Phascolarctos cinereus,Published dataset
dr368,2009-09-10T00:00:00Z,-30.529091,151.661749,EPSG:4326,-30.52909117,151.6617485,GDA94,Phascolarctos cinereus,Published dataset
dr368,2014-06-12T00:00:00Z,-30.494547,151.690187,EPSG:4326,-30.49454663,151.6901872,GDA94,Phascolarctos cinereus,Published dataset
dr368,2020-10-24T00:00:00Z,-30.522309,151.676385,EPSG:4326,-30.52230879,151.6763847,GDA94,Phascolarctos cinereus,Published dataset
dr368,2017-11-15T00:00:00Z,-30.50157,151.66621,EPSG:4326,-30.50157,151.66621,GDA94,Phascolarctos cinereus,Published dataset
dr368,2013-10-01T00:00:00Z,-30.500992,151.640244,EPSG:4326,-30.500992,151.640244,GDA94,Phascolarctos cinereus,Published dataset
dr368,1980-01-01T00:00:00Z,-30.505796,151.631616,EPSG:4326,-30.50579599,151.6316156,GDA94,Phascolarctos cinereus,Published dataset
dr368,2014-04-13T00:00:00Z,-30.50145,151.639778,EPSG:4326,-30.50145015,151.639778,GDA94,Phascolarctos cinereus,Published dataset
dr368,2011-09-05T00:00:00Z,-30.489953,151.64102,EPSG:4326,-30.4899535,151.6410199,GDA94,Phascolarctos cinereus,Published dataset
dr368,2017-04-20T00:00:00Z,-30.50157,151.66621,EPSG:4326,-30.50157,151.66621,GDA94,Phascolarctos cinereus,Published dataset
dr368,2016-08-30T00:00:00Z,-30.50157,151.66621,EPSG:4326,-30.50157,151.66621,GDA94,Phascolarctos cinereus,Published dataset
dr368,2017-03-26T00:00:00Z,-30.50157,151.66621,EPSG:4326,-30.50157,151.66621,GDA94,Phascolarctos cinereus,Published dataset
dr368,2009-08-12T00:00:00Z,-30.526979,151.660245,EPSG:4326,-30.5269795,151.6602448,GDA94,Phascolarctos cinereus,Published dataset
dr368,2016-12-10T00:00:00Z,-30.50157,151.66621,EPSG:4326,-30.50157,151.66621,GDA94,Phascolarctos cinereus,Published dataset
dr368,2013-05-10T00:00:00Z,-30.512696,151.699583,EPSG:4326,-30.51269593,151.6995829,GDA94,Phascolarctos cinereus,Published dataset
dr368,2020-10-23T00:00:00Z,-30.517151,151.658961,EPSG:4326,-30.51715074,151.6589613,GDA94,Phascolarctos cinereus,Published dataset
dr368,2014-11-09T00:00:00Z,-30.531241,151.661237,EPSG:4326,-30.53124123,151.6612373,GDA94,Phascolarctos cinereus,Published dataset
dr368,2013-12-04T00:00:00Z,-30.501324,151.639438,EPSG:4326,-30.50132387,151.6394379,GDA94,Phascolarctos cinereus,Published dataset
dr368,2012-10-01T00:00:00Z,-30.530071,151.661582,EPSG:4326,-30.53007116,151.6615818,GDA94,Phascolarctos cinereus,Published dataset
dr368,2014-12-09T00:00:00Z,-30.50157,151.66621,EPSG:4326,-30.50157,151.66621,GDA94,Phascolarctos cinereus,Published dataset
dr368,2009-09-10T00:00:00Z,-30.529091,151.661748,EPSG:4326,-30.52909113,151.6617485,GDA94,Phascolarctos cinereus,Published dataset
dr368,2017-10-24T00:00:00Z,-30.5123,151.680516,EPSG:4326,-30.51229979,151.6805162,GDA94,Phascolarctos cinereus,Published dataset
dr368,2014-01-03T00:00:00Z,-30.50157,151.66621,EPSG:4326,-30.50157,151.66621,GDA94,Phascolarctos cinereus,Published dataset
dr368,2013-05-08T00:00:00Z,-30.489483,151.638561,EPSG:4326,-30.48948292,151.6385609,GDA94,Phascolarctos cinereus,Published dataset
dr368,2019-04-22T00:00:00Z,-30.487582,151.642274,EPSG:4326,-30.48758232,151.6422738,GDA94,Phascolarctos cinereus,Published dataset
dr368,2014-04-14T00:00:00Z,-30.501409,151.639789,EPSG:4326,-30.50140872,151.6397891,GDA94,Phascolarctos cinereus,Published dataset
dr368,2019-08-23T00:00:00Z,-30.488551,151.643589,EPSG:4326,-30.48855093,151.6435885,GDA94,Phascolarctos cinereus,Published dataset
dr368,2016-10-31T00:00:00Z,-30.50157,151.66621,EPSG:4326,-30.50157,151.66621,GDA94,Phascolarctos cinereus,Published dataset
dr368,2013-09-16T00:00:00Z,-30.493916,151.643632,EPSG:4326,-30.4939164,151.6436317,GDA94,Phascolarctos cinereus,Published dataset
dr368,2015-07-03T00:00:00Z,-30.495087,151.665822,EPSG:4326,-30.49508723,151.665822,GDA94,Phascolarctos cinereus,Published dataset
dr368,2010-12-23T00:00:00Z,-30.507813,151.694578,EPSG:4326,-30.50781315,151.6945776,GDA94,Phascolarctos cinereus,Published dataset
dr368,2014-04-08T00:00:00Z,-30.494674,151.636342,EPSG:4326,-30.49467365,151.6363418,GDA94,Phascolarctos cinereus,Published dataset
dr368,2014-04-14T00:00:00Z,-30.501409,151.639789,EPSG:4326,-30.50140877,151.6397891,GDA94,Phascolarctos cinereus,Published dataset
dr368,2010-04-09T00:00:00Z,-30.487991,151.684964,EPSG:4326,-30.48799088,151.684964,GDA94,Phascolarctos cinereus,Published dataset
dr368,2011-01-01T00:00:00Z,-30.492934,151.701881,EPSG:4326,-30.49293365,151.701881,GDA94,Phascolarctos cinereus,Published dataset
dr368,2015-02-03T00:00:00Z,-30.484784,151.643326,EPSG:4326,-30.48478352,151.6433258,GDA94,Phascolarctos cinereus,Published dataset
dr368,2009-08-13T00:00:00Z,-30.489265,151.68556,EPSG:4326,-30.48926524,151.6855601,GDA94,Phascolarctos cinereus,Published dataset
dr368,2013-09-07T00:00:00Z,-30.495354,151.665785,EPSG:4326,-30.49535387,151.665785,GDA94,Phascolarctos cinereus,Published dataset
dr368,2015-04-24T00:00:00Z,-30.505396,151.665464,EPSG:4326,-30.50539633,151.6654638,GDA94,Phascolarctos cinereus,Published dataset
dr368,2013-01-25T00:00:00Z,-30.501395,151.639374,EPSG:4326,-30.50139528,151.6393737,GDA94,Phascolarctos cinereus,Published dataset
dr368,2013-12-31T00:00:00Z,-30.501428,151.639696,EPSG:4326,-30.50142769,151.6396959,GDA94,Phascolarctos cinereus,Published dataset
dr368,2015-07-29T00:00:00Z,-30.492334,151.678785,EPSG:4326,-30.49233424,151.6787853,GDA94,Phascolarctos cinereus,Published dataset
dr368,2014-01-17T00:00:00Z,-30.494982,151.637251,EPSG:4326,-30.49498241,151.6372505,GDA94,Phascolarctos cinereus,Published dataset
dr368,2014-01-18T00:00:00Z,-30.501502,151.639709,EPSG:4326,-30.50150247,151.6397092,GDA94,Phascolarctos cinereus,Published dataset
dr368,2015-01-26T00:00:00Z,-30.527487,151.671542,EPSG:4326,-30.5274871,151.671542,GDA94,Phascolarctos cinereus,Published dataset
dr368,2015-09-18T00:00:00Z,-30.522359,151.648171,EPSG:4326,-30.52235916,151.6481713,GDA94,Phascolarctos cinereus,Published dataset
dr368,2013-12-16T00:00:00Z,-30.523492,151.646773,EPSG:4326,-30.52349164,151.6467726,GDA94,Phascolarctos cinereus,Published dataset
dr368,2010-03-01T00:00:00Z,-30.524327,151.643531,EPSG:4326,-30.52432667,151.6435311,GDA94,Phascolarctos cinereus,Published dataset
dr368,2013-08-07T00:00:00Z,-30.50157,151.66621,EPSG:4326,-30.50157,151.66621,GDA94,Phascolarctos cinereus,Published dataset
dr368,2013-12-20T00:00:00Z,-30.520863,151.649338,EPSG:4326,-30.52086325,151.6493384,GDA94,Phascolarctos cinereus,Published dataset
dr368,2014-08-04T00:00:00Z,-30.50157,151.66621,EPSG:4326,-30.50157,151.66621,GDA94,Phascolarctos cinereus,Published dataset
dr368,2016-09-21T00:00:00Z,-30.524838,151.643558,EPSG:4326,-30.52483753,151.6435575,GDA94,Phascolarctos cinereus,Published dataset
dr368,2011-09-17T00:00:00Z,-30.50028,151.687372,EPSG:4326,-30.50027983,151.6873718,GDA94,Phascolarctos cinereus,Published dataset
dr368,2015-09-18T00:00:00Z,-30.522359,151.648171,EPSG:4326,-30.5223592,151.6481713,GDA94,Phascolarctos cinereus,Published dataset
dr368,2013-08-05T00:00:00Z,-30.501647,151.639435,EPSG:4326,-30.50164711,151.6394354,GDA94,Phascolarctos cinereus,Published dataset
dr368,2017-05-30T00:00:00Z,-30.48697,151.639703,EPSG:4326,-30.48697038,151.6397035,GDA94,Phascolarctos cinereus,Published dataset
dr368,2014-11-15T00:00:00Z,-30.490883,151.683698,EPSG:4326,-30.49088312,151.683698,GDA94,Phascolarctos cinereus,Published dataset
dr368,2012-10-01T00:00:00Z,-30.529754,151.661739,EPSG:4326,-30.52975443,151.6617394,GDA94,Phascolarctos cinereus,Published dataset
dr368,2013-12-11T00:00:00Z,-30.524359,151.642849,EPSG:4326,-30.52435863,151.6428487,GDA94,Phascolarctos cinereus,Published dataset
dr368,2010-11-22T00:00:00Z,-30.528853,151.661844,EPSG:4326,-30.52885333,151.6618437,GDA94,Phascolarctos cinereus,Published dataset
dr368,2010-09-28T00:00:00Z,-30.510411,151.636887,EPSG:4326,-30.51041105,151.6368866,GDA94,Phascolarctos cinereus,Published dataset
dr368,2014-02-06T00:00:00Z,-30.524334,151.642648,EPSG:4326,-30.52433381,151.6426483,GDA94,Phascolarctos cinereus,Published dataset
dr368,2014-05-06T00:00:00Z,-30.487506,151.696727,EPSG:4326,-30.48750645,151.6967265,GDA94,Phascolarctos cinereus,Published dataset
dr368,2017-10-16T00:00:00Z,-30.520765,151.671653,EPSG:4326,-30.5207653,151.6716526,GDA94,Phascolarctos cinereus,Published dataset
dr368,2010-11-22T00:00:00Z,-30.508035,151.693433,EPSG:4326,-30.5080355,151.6934333,GDA94,Phascolarctos cinereus,Published dataset
dr368,2015-06-03T00:00:00Z,-30.491818,151.628072,EPSG:4326,-30.49181766,151.6280719,GDA94,Phascolarctos cinereus,Published dataset
dr368,2010-10-22T00:00:00Z,-30.512328,151.669541,EPSG:4326,-30.51232836,151.6695411,GDA94,Phascolarctos cinereus,Published dataset
dr368,2013-11-15T00:00:00Z,-30.500128,151.639412,EPSG:4326,-30.50012793,151.6394115,GDA94,Phascolarctos cinereus,Published dataset
dr368,2015-01-21T00:00:00Z,-30.502575,151.671939,EPSG:4326,-30.50257543,151.6719387,GDA94,Phascolarctos cinereus,Published dataset
dr368,2014-01-22T00:00:00Z,-30.501486,151.639755,EPSG:4326,-30.50148635,151.6397545,GDA94,Phascolarctos cinereus,Published dataset
dr368,2017-10-17T00:00:00Z,-30.509559,151.676146,EPSG:4326,-30.50955933,151.6761456,GDA94,Phascolarctos cinereus,Published dataset
dr368,2013-03-31T00:00:00Z,-30.50293,151.64894,EPSG:4326,-30.5029297,151.6489404,GDA94,Phascolarctos cinereus,Published dataset
dr368,2013-12-16T00:00:00Z,-30.501289,151.639477,EPSG:4326,-30.5012886,151.6394767,GDA94,Phascolarctos cinereus,Published dataset
dr368,2018-09-05T00:00:00Z,-30.530451,151.69038,EPSG:4326,-30.5304514,151.6903802,GDA94,Phascolarctos cinereus,Published dataset
dr368,2015-03-04T00:00:00Z,-30.52733,151.648105,EPSG:4326,-30.52732993,151.6481047,GDA94,Phascolarctos cinereus,Published dataset
dr368,2015-02-03T00:00:00Z,-30.484784,151.643326,EPSG:4326,-30.48478356,151.6433258,GDA94,Phascolarctos cinereus,Published dataset
dr368,2013-03-21T00:00:00Z,-30.498182,151.673217,EPSG:4326,-30.49818178,151.673217,GDA94,Phascolarctos cinereus,Published dataset
dr368,2018-02-23T00:00:00Z,-30.50157,151.66621,EPSG:4326,-30.50157,151.66621,GDA94,Phascolarctos cinereus,Published dataset
dr368,2013-08-01T00:00:00Z,-30.529885,151.661538,EPSG:4326,-30.52988497,151.6615384,GDA94,Phascolarctos cinereus,Published dataset
dr368,2014-09-23T00:00:00Z,-30.487002,151.643663,EPSG:4326,-30.48700169,151.643663,GDA94,Phascolarctos cinereus,Published dataset
dr368,2010-08-08T00:00:00Z,-30.507843,151.692721,EPSG:4326,-30.50784348,151.6927214,GDA94,Phascolarctos cinereus,Published dataset
dr368,2013-08-07T00:00:00Z,-30.50157,151.66621,EPSG:4326,-30.50157,151.66621,GDA94,Phascolarctos cinereus,Published dataset
dr368,2013-12-04T00:00:00Z,-30.501324,151.639438,EPSG:4326,-30.50132391,151.6394379,GDA94,Phascolarctos cinereus,Published dataset
dr368,2013-09-18T00:00:00Z,-30.493436,151.642676,EPSG:4326,-30.49343625,151.642676,GDA94,Phascolarctos cinereus,Published dataset
dr368,2016-12-08T00:00:00Z,-30.50157,151.66621,EPSG:4326,-30.50157,151.66621,GDA94,Phascolarctos cinereus,Published dataset
dr368,2013-12-27T00:00:00Z,-30.50157,151.66621,EPSG:4326,-30.50157,151.66621,GDA94,Phascolarctos cinereus,Published dataset
dr368,2012-09-05T00:00:00Z,-30.524884,151.643911,EPSG:4326,-30.52488423,151.6439105,GDA94,Phascolarctos cinereus,Published dataset
dr368,2010-03-01T00:00:00Z,-30.524327,151.643531,EPSG:4326,-30.52432663,151.6435311,GDA94,Phascolarctos cinereus,Published dataset
dr368,2009-03-01T00:00:00Z,-30.524279,151.64345,EPSG:4326,-30.52427946,151.6434495,GDA94,Phascolarctos cinereus,Published dataset
dr368,2013-08-05T00:00:00Z,-30.501691,151.63951,EPSG:4326,-30.50169096,151.6395095,GDA94,Phascolarctos cinereus,Published dataset
dr368,1989-11-01T00:00:00Z,-30.493338,151.664231,EPSG:4326,-30.49333797,151.6642314,GDA94,Phascolarctos cinereus,Published dataset
dr368,2013-12-14T00:00:00Z,-30.501723,151.639264,EPSG:4326,-30.50172326,151.6392639,GDA94,Phascolarctos cinereus,Published dataset
dr368,2011-01-19T00:00:00Z,-30.49341,151.70037,EPSG:4326,-30.49341009,151.7003695,GDA94,Phascolarctos cinereus,Published dataset
dr368,2014-01-03T00:00:00Z,-30.50157,151.66621,EPSG:4326,-30.50157,151.66621,GDA94,Phascolarctos cinereus,Published dataset
dr368,2015-02-07T00:00:00Z,-30.523935,151.647929,EPSG:4326,-30.52393484,151.6479291,GDA94,Phascolarctos cinereus,Published dataset
dr368,2014-01-07T00:00:00Z,-30.496852,151.698275,EPSG:4326,-30.4968516,151.6982754,GDA94,Phascolarctos cinereus,Published dataset
dr368,2013-12-28T00:00:00Z,-30.501773,151.63925,EPSG:4326,-30.50177286,151.6392498,GDA94,Phascolarctos cinereus,Published dataset
dr368,2015-02-10T00:00:00Z,-30.49002,151.682776,EPSG:4326,-30.49001957,151.6827757,GDA94,Phascolarctos cinereus,Published dataset
dr368,2014-06-04T00:00:00Z,-30.534979,151.657025,EPSG:4326,-30.53497917,151.6570249,GDA94,Phascolarctos cinereus,Published dataset
dr368,2017-06-06T00:00:00Z,-30.488804,151.642312,EPSG:4326,-30.48880394,151.6423124,GDA94,Phascolarctos cinereus,Published dataset
dr368,2018-02-17T00:00:00Z,-30.489748,151.641282,EPSG:4326,-30.48974775,151.6412817,GDA94,Phascolarctos cinereus,Published dataset
dr368,2013-11-09T00:00:00Z,-30.50157,151.66621,EPSG:4326,-30.50157,151.66621,GDA94,Phascolarctos cinereus,Published dataset
dr368,2013-10-23T00:00:00Z,-30.492684,151.642292,EPSG:4326,-30.49268436,151.6422917,GDA94,Phascolarctos cinereus,Published dataset
dr368,2013-09-22T00:00:00Z,-30.490457,151.682745,EPSG:4326,-30.49045709,151.6827453,GDA94,Phascolarctos cinereus,Published dataset
dr368,2016-10-01T00:00:00Z,-30.525708,151.645141,EPSG:4326,-30.52570828,151.645141,GDA94,Phascolarctos cinereus,Published dataset
dr368,2013-03-31T00:00:00Z,-30.50293,151.64894,EPSG:4326,-30.50292965,151.6489404,GDA94,Phascolarctos cinereus,Published dataset
dr368,2010-09-28T00:00:00Z,-30.510399,151.636714,EPSG:4326,-30.5103986,151.636714,GDA94,Phascolarctos cinereus,Published dataset
dr368,2013-09-19T00:00:00Z,-30.524886,151.64448,EPSG:4326,-30.52488646,151.6444799,GDA94,Phascolarctos cinereus,Published dataset
dr368,2018-09-05T00:00:00Z,-30.530338,151.690215,EPSG:4326,-30.53033752,151.690215,GDA94,Phascolarctos cinereus,Published dataset
dr368,2013-12-12T00:00:00Z,-30.501278,151.639446,EPSG:4326,-30.50127836,151.6394462,GDA94,Phascolarctos cinereus,Published dataset
dr368,2010-12-16T00:00:00Z,-30.498772,151.677504,EPSG:4326,-30.4987721,151.677504,GDA94,Phascolarctos cinereus,Published dataset
dr368,2013-05-17T00:00:00Z,-30.514255,151.630667,EPSG:4326,-30.51425496,151.6306667,GDA94,Phascolarctos cinereus,Published dataset
dr368,2012-12-19T00:00:00Z,-30.49447,151.683798,EPSG:4326,-30.49446966,151.6837981,GDA94,Phascolarctos cinereus,Published dataset
dr368,2009-08-12T00:00:00Z,-30.52698,151.660245,EPSG:4326,-30.52697954,151.6602448,GDA94,Phascolarctos cinereus,Published dataset
dr368,2013-01-25T00:00:00Z,-30.501395,151.639374,EPSG:4326,-30.50139532,151.6393737,GDA94,Phascolarctos cinereus,Published dataset
dr368,2014-09-12T00:00:00Z,-30.530113,151.655802,EPSG:4326,-30.53011308,151.6558016,GDA94,Phascolarctos cinereus,Published dataset
dr368,2010-08-13T00:00:00Z,-30.489441,151.685996,EPSG:4326,-30.48944054,151.6859958,GDA94,Phascolarctos cinereus,Published dataset
dr368,2017-11-29T00:00:00Z,-30.495072,151.683974,EPSG:4326,-30.4950718,151.6839736,GDA94,Phascolarctos cinereus,Published dataset
dr368,2010-11-14T00:00:00Z,-30.4885,151.638599,EPSG:4326,-30.48850032,151.6385992,GDA94,Phascolarctos cinereus,Published dataset
dr368,2015-12-01T00:00:00Z,-30.497655,151.624276,EPSG:4326,-30.49765485,151.6242757,GDA94,Phascolarctos cinereus,Published dataset
dr368,2017-10-15T00:00:00Z,-30.492965,151.675438,EPSG:4326,-30.49296452,151.6754383,GDA94,Phascolarctos cinereus,Published dataset
dr368,2013-05-08T00:00:00Z,-30.529317,151.652774,EPSG:4326,-30.52931666,151.6527743,GDA94,Phascolarctos cinereus,Published dataset
dr368,2020-02-15T00:00:00Z,-30.496853,151.642997,EPSG:4326,-30.49685321,151.6429969,GDA94,Phascolarctos cinereus,Published dataset
dr368,2014-10-10T00:00:00Z,-30.500255,151.658668,EPSG:4326,-30.5002547,151.6586678,GDA94,Phascolarctos cinereus,Published dataset
dr368,2014-11-09T00:00:00Z,-30.531241,151.661237,EPSG:4326,-30.53124127,151.6612373,GDA94,Phascolarctos cinereus,Published dataset
dr368,2010-01-15T00:00:00Z,-30.528087,151.662115,EPSG:4326,-30.52808664,151.6621148,GDA94,Phascolarctos cinereus,Published dataset
dr368,2013-08-10T00:00:00Z,-30.5276,151.647154,EPSG:4326,-30.52760007,151.6471538,GDA94,Phascolarctos cinereus,Published dataset
dr368,2013-09-10T00:00:00Z,-30.501303,151.639404,EPSG:4326,-30.50130276,151.6394037,GDA94,Phascolarctos cinereus,Published dataset
dr368,2013-06-19T00:00:00Z,-30.50157,151.66621,EPSG:4326,-30.50157,151.66621,GDA94,Phascolarctos cinereus,Published dataset
dr368,1979-10-01T00:00:00Z,-30.54563,151.660388,EPSG:4326,-30.54562978,151.6603885,GDA94,Phascolarctos cinereus,Published dataset
dr368,2019-05-20T00:00:00Z,-30.488645,151.641478,EPSG:4326,-30.4886452,151.6414784,GDA94,Phascolarctos cinereus,Published dataset
dr368,2010-11-22T00:00:00Z,-30.528853,151.661844,EPSG:4326,-30.52885337,151.6618437,GDA94,Phascolarctos cinereus,Published dataset
dr368,2015-12-12T00:00:00Z,-30.502468,151.695911,EPSG:4326,-30.50246824,151.695911,GDA94,Phascolarctos cinereus,Published dataset
dr368,2014-03-06T00:00:00Z,-30.501865,151.639364,EPSG:4326,-30.50186529,151.6393635,GDA94,Phascolarctos cinereus,Published dataset
dr368,2017-07-13T00:00:00Z,-30.495088,151.665526,EPSG:4326,-30.49508776,151.6655262,GDA94,Phascolarctos cinereus,Published dataset
dr368,2014-11-02T00:00:00Z,-30.495878,151.685169,EPSG:4326,-30.495878,151.685169,GDA94,Phascolarctos cinereus,Published dataset
dr368,2018-08-09T00:00:00Z,-30.50157,151.66621,EPSG:4326,-30.50157,151.66621,GDA94,Phascolarctos cinereus,Published dataset
dr368,2013-12-04T00:00:00Z,-30.50135,151.639422,EPSG:4326,-30.50135023,151.6394222,GDA94,Phascolarctos cinereus,Published dataset
dr368,2011-09-17T00:00:00Z,-30.50028,151.687372,EPSG:4326,-30.5002798,151.6873718,GDA94,Phascolarctos cinereus,Published dataset
dr368,2015-04-21T00:00:00Z,-30.524608,151.646252,EPSG:4326,-30.52460837,151.6462524,GDA94,Phascolarctos cinereus,Published dataset
dr368,2013-12-04T00:00:00Z,-30.50135,151.639422,EPSG:4326,-30.50135027,151.6394222,GDA94,Phascolarctos cinereus,Published dataset
dr368,2016-01-29T00:00:00Z,-30.529587,151.657281,EPSG:4326,-30.52958726,151.6572805,GDA94,Phascolarctos cinereus,Published dataset
dr368,2016-04-18T00:00:00Z,-30.524486,151.643771,EPSG:4326,-30.52448573,151.6437708,GDA94,Phascolarctos cinereus,Published dataset
dr368,2015-10-21T00:00:00Z,-30.495004,151.684073,EPSG:4326,-30.49500397,151.6840725,GDA94,Phascolarctos cinereus,Published dataset
dr368,2009-11-17T00:00:00Z,-30.491649,151.686662,EPSG:4326,-30.49164872,151.6866618,GDA94,Phascolarctos cinereus,Published dataset
dr368,2016-11-19T00:00:00Z,-30.521773,151.649434,EPSG:4326,-30.5217731,151.6494342,GDA94,Phascolarctos cinereus,Published dataset
dr368,2014-07-27T00:00:00Z,-30.529532,151.652859,EPSG:4326,-30.52953246,151.6528588,GDA94,Phascolarctos cinereus,Published dataset
dr368,2011-12-25T00:00:00Z,-30.524396,151.646126,EPSG:4326,-30.52439561,151.6461261,GDA94,Phascolarctos cinereus,Published dataset
dr368,2013-05-01T00:00:00Z,-30.487793,151.696221,EPSG:4326,-30.48779326,151.696221,GDA94,Phascolarctos cinereus,Published dataset
dr368,2009-08-13T00:00:00Z,-30.489428,151.685768,EPSG:4326,-30.48942764,151.6857677,GDA94,Phascolarctos cinereus,Published dataset
dr368,2013-12-16T00:00:00Z,-30.501289,151.639477,EPSG:4326,-30.50128856,151.6394767,GDA94,Phascolarctos cinereus,Published dataset
dr368,2015-03-22T00:00:00Z,-30.4916,151.679824,EPSG:4326,-30.4915999,151.6798242,GDA94,Phascolarctos cinereus,Published dataset
dr368,2013-10-30T00:00:00Z,-30.493816,151.640129,EPSG:4326,-30.49381577,151.6401292,GDA94,Phascolarctos cinereus,Published dataset
dr368,2014-09-23T00:00:00Z,-30.487002,151.643663,EPSG:4326,-30.48700165,151.643663,GDA94,Phascolarctos cinereus,Published dataset
dr368,2013-08-10T00:00:00Z,-30.5276,151.647154,EPSG:4326,-30.52760011,151.6471538,GDA94,Phascolarctos cinereus,Published dataset
dr368,2015-02-01T00:00:00Z,-30.53971,151.652726,EPSG:4326,-30.53970977,151.652726,GDA94,Phascolarctos cinereus,Published dataset
dr368,2004-07-01T00:00:00Z,-30.482706,151.646096,EPSG:4326,-30.48270642,151.6460958,GDA94,Phascolarctos cinereus,Published dataset
dr368,2015-01-08T00:00:00Z,-30.491689,151.679891,EPSG:4326,-30.4916894,151.6798914,GDA94,Phascolarctos cinereus,Published dataset
dr368,2017-10-20T00:00:00Z,-30.50157,151.66621,EPSG:4326,-30.50157,151.66621,GDA94,Phascolarctos cinereus,Published dataset
dr368,2010-12-28T00:00:00Z,-30.507897,151.693945,EPSG:4326,-30.50789729,151.6939448,GDA94,Phascolarctos cinereus,Published dataset
dr368,2014-11-08T00:00:00Z,-30.524479,151.645972,EPSG:4326,-30.52447949,151.6459719,GDA94,Phascolarctos cinereus,Published dataset
dr368,2010-08-13T00:00:00Z,-30.489441,151.685996,EPSG:4326,-30.48944058,151.6859957,GDA94,Phascolarctos cinereus,Published dataset
dr368,2017-10-17T00:00:00Z,-30.507222,151.67809,EPSG:4326,-30.50722218,151.6780904,GDA94,Phascolarctos cinereus,Published dataset
dr368,2015-04-09T00:00:00Z,-30.486842,151.640998,EPSG:4326,-30.48684211,151.6409983,GDA94,Phascolarctos cinereus,Published dataset
dr368,2015-11-16T00:00:00Z,-30.50157,151.66621,EPSG:4326,-30.50157,151.66621,GDA94,Phascolarctos cinereus,Published dataset
dr368,2013-12-31T00:00:00Z,-30.501428,151.639696,EPSG:4326,-30.50142773,151.6396959,GDA94,Phascolarctos cinereus,Published dataset
dr368,2013-04-16T00:00:00Z,-30.50157,151.66621,EPSG:4326,-30.50157,151.66621,GDA94,Phascolarctos cinereus,Published dataset
dr368,2011-01-23T00:00:00Z,-30.498145,151.673291,EPSG:4326,-30.49814519,151.6732914,GDA94,Phascolarctos cinereus,Published dataset
dr368,2014-04-13T00:00:00Z,-30.50145,151.639778,EPSG:4326,-30.5014501,151.639778,GDA94,Phascolarctos cinereus,Published dataset
dr368,2012-01-08T00:00:00Z,-30.500188,151.687535,EPSG:4326,-30.5001878,151.6875351,GDA94,Phascolarctos cinereus,Published dataset
dr368,2013-08-01T00:00:00Z,-30.529885,151.661538,EPSG:4326,-30.52988501,151.6615384,GDA94,Phascolarctos cinereus,Published dataset
dr368,2013-12-07T00:00:00Z,-30.498085,151.6732,EPSG:4326,-30.49808544,151.6731997,GDA94,Phascolarctos cinereus,Published dataset
dr368,2013-08-19T00:00:00Z,-30.49526,151.643416,EPSG:4326,-30.49526042,151.6434156,GDA94,Phascolarctos cinereus,Published dataset
dr368,2015-12-12T00:00:00Z,-30.502679,151.695971,EPSG:4326,-30.50267935,151.6959711,GDA94,Phascolarctos cinereus,Published dataset
dr368,2013-05-01T00:00:00Z,-30.487793,151.696221,EPSG:4326,-30.48779322,151.696221,GDA94,Phascolarctos cinereus,Published dataset
dr368,2010-09-28T00:00:00Z,-30.510411,151.636887,EPSG:4326,-30.51041109,151.6368866,GDA94,Phascolarctos cinereus,Published dataset
dr368,2015-12-07T00:00:00Z,-30.489832,151.642621,EPSG:4326,-30.48983247,151.6426213,GDA94,Phascolarctos cinereus,Published dataset
dr368,2015-12-01T00:00:00Z,-30.497704,151.624545,EPSG:4326,-30.49770447,151.6245452,GDA94,Phascolarctos cinereus,Published dataset
dr368,2015-04-24T00:00:00Z,-30.505358,151.665725,EPSG:4326,-30.50535765,151.6657251,GDA94,Phascolarctos cinereus,Published dataset
dr368,2012-10-05T00:00:00Z,-30.510498,151.637033,EPSG:4326,-30.5104981,151.6370334,GDA94,Phascolarctos cinereus,Published dataset
dr368,2020-06-17T00:00:00Z,-30.48978,151.642244,EPSG:4326,-30.48977969,151.6422436,GDA94,Phascolarctos cinereus,Published dataset
dr368,2015-02-07T00:00:00Z,-30.523855,151.647692,EPSG:4326,-30.52385517,151.6476923,GDA94,Phascolarctos cinereus,Published dataset
dr368,2016-12-24T00:00:00Z,-30.521577,151.643881,EPSG:4326,-30.5215767,151.6438807,GDA94,Phascolarctos cinereus,Published dataset
dr368,2010-02-15T00:00:00Z,-30.528087,151.662115,EPSG:4326,-30.52808668,151.6621148,GDA94,Phascolarctos cinereus,Published dataset
dr368,2015-02-22T00:00:00Z,-30.504342,151.640071,EPSG:4326,-30.50434209,151.640071,GDA94,Phascolarctos cinereus,Published dataset
dr368,2015-10-21T00:00:00Z,-30.50538,151.681205,EPSG:4326,-30.50537999,151.6812052,GDA94,Phascolarctos cinereus,Published dataset
dr368,2013-12-14T00:00:00Z,-30.501662,151.639294,EPSG:4326,-30.50166218,151.6392936,GDA94,Phascolarctos cinereus,Published dataset
dr368,2015-11-28T00:00:00Z,-30.493611,151.672578,EPSG:4326,-30.49361069,151.6725781,GDA94,Phascolarctos cinereus,Published dataset
dr368,2014-11-08T00:00:00Z,-30.524411,151.645793,EPSG:4326,-30.52441106,151.6457933,GDA94,Phascolarctos cinereus,Published dataset
dr368,2010-10-22T00:00:00Z,-30.512328,151.669541,EPSG:4326,-30.5123284,151.6695411,GDA94,Phascolarctos cinereus,Published dataset
dr368,2010-12-28T00:00:00Z,-30.527985,151.659955,EPSG:4326,-30.52798478,151.6599553,GDA94,Phascolarctos cinereus,Published dataset
dr368,2015-02-03T00:00:00Z,-30.484571,151.643968,EPSG:4326,-30.4845714,151.6439679,GDA94,Phascolarctos cinereus,Published dataset
dr368,2018-10-23T00:00:00Z,-30.50157,151.66621,EPSG:4326,-30.50157,151.66621,GDA94,Phascolarctos cinereus,Published dataset
dr368,2013-12-16T00:00:00Z,-30.523492,151.646773,EPSG:4326,-30.52349168,151.6467726,GDA94,Phascolarctos cinereus,Published dataset
dr368,2012-09-25T00:00:00Z,-30.496623,151.691249,EPSG:4326,-30.49662317,151.6912489,GDA94,Phascolarctos cinereus,Published dataset
dr368,2019-05-04T00:00:00Z,-30.487247,151.636894,EPSG:4326,-30.48724651,151.6368936,GDA94,Phascolarctos cinereus,Published dataset
dr368,2010-08-19T00:00:00Z,-30.529342,151.661653,EPSG:4326,-30.52934223,151.6616531,GDA94,Phascolarctos cinereus,Published dataset
dr368,2011-01-04T00:00:00Z,-30.492883,151.701067,EPSG:4326,-30.49288282,151.7010674,GDA94,Phascolarctos cinereus,Published dataset
dr368,2019-01-20T00:00:00Z,-30.50157,151.66621,EPSG:4326,-30.50157,151.66621,GDA94,Phascolarctos cinereus,Published dataset
dr368,2015-02-02T00:00:00Z,-30.4862,151.645268,EPSG:4326,-30.48620046,151.6452682,GDA94,Phascolarctos cinereus,Published dataset
dr368,2013-11-15T00:00:00Z,-30.500157,151.639534,EPSG:4326,-30.50015744,151.6395336,GDA94,Phascolarctos cinereus,Published dataset
dr368,2014-09-12T00:00:00Z,-30.530113,151.655802,EPSG:4326,-30.53011303,151.6558016,GDA94,Phascolarctos cinereus,Published dataset
dr368,2010-09-07T00:00:00Z,-30.494263,151.635854,EPSG:4326,-30.49426265,151.635854,GDA94,Phascolarctos cinereus,Published dataset
dr368,2015-12-14T00:00:00Z,-30.524834,151.644488,EPSG:4326,-30.52483395,151.6444881,GDA94,Phascolarctos cinereus,Published dataset
dr368,2013-05-05T00:00:00Z,-30.494322,151.690129,EPSG:4326,-30.49432214,151.6901288,GDA94,Phascolarctos cinereus,Published dataset
dr368,2009-08-12T00:00:00Z,-30.524591,151.660201,EPSG:4326,-30.524591,151.660201,GDA94,Phascolarctos cinereus,Published dataset
dr368,2015-02-22T00:00:00Z,-30.504342,151.640071,EPSG:4326,-30.50434213,151.640071,GDA94,Phascolarctos cinereus,Published dataset
dr368,2013-12-14T00:00:00Z,-30.501662,151.639294,EPSG:4326,-30.50166222,151.6392936,GDA94,Phascolarctos cinereus,Published dataset
dr368,2010-10-16T00:00:00Z,-30.492442,151.679573,EPSG:4326,-30.49244177,151.6795729,GDA94,Phascolarctos cinereus,Published dataset
dr368,2015-10-21T00:00:00Z,-30.495004,151.684073,EPSG:4326,-30.49500392,151.6840725,GDA94,Phascolarctos cinereus,Published dataset
dr368,2013-11-14T00:00:00Z,-30.492689,151.691862,EPSG:4326,-30.49268893,151.6918616,GDA94,Phascolarctos cinereus,Published dataset
dr368,1982-12-23T00:00:00Z,-30.503133,151.651594,EPSG:4326,-30.50313278,151.6515938,GDA94,Phascolarctos cinereus,Published dataset
dr368,2009-12-02T00:00:00Z,-30.520715,151.670315,EPSG:4326,-30.52071457,151.6703147,GDA94,Phascolarctos cinereus,Published dataset
dr368,2006-09-06T00:00:00Z,-30.490204,151.682421,EPSG:4326,-30.49020384,151.6824205,GDA94,Phascolarctos cinereus,Published dataset
dr368,2015-12-14T00:00:00Z,-30.524834,151.644488,EPSG:4326,-30.52483391,151.6444881,GDA94,Phascolarctos cinereus,Published dataset
dr368,2009-06-26T00:00:00Z,-30.509021,151.67547,EPSG:4326,-30.50902057,151.67547,GDA94,Phascolarctos cinereus,Published dataset
dr368,2014-11-08T00:00:00Z,-30.486408,151.639033,EPSG:4326,-30.4864079,151.6390326,GDA94,Phascolarctos cinereus,Published dataset
dr368,2018-02-14T00:00:00Z,-30.518051,151.663723,EPSG:4326,-30.51805055,151.6637227,GDA94,Phascolarctos cinereus,Published dataset
dr368,2010-01-15T00:00:00Z,-30.527292,151.662248,EPSG:4326,-30.52729201,151.6622483,GDA94,Phascolarctos cinereus,Published dataset
dr368,2013-12-12T00:00:00Z,-30.501278,151.639446,EPSG:4326,-30.50127831,151.6394462,GDA94,Phascolarctos cinereus,Published dataset
dr368,2015-12-01T00:00:00Z,-30.497705,151.624545,EPSG:4326,-30.49770451,151.6245452,GDA94,Phascolarctos cinereus,Published dataset
dr368,2011-07-12T00:00:00Z,-30.488215,151.695315,EPSG:4326,-30.48821537,151.6953153,GDA94,Phascolarctos cinereus,Published dataset
dr368,2017-08-18T00:00:00Z,-30.494145,151.68453,EPSG:4326,-30.49414546,151.6845298,GDA94,Phascolarctos cinereus,Published dataset
dr368,2014-11-08T00:00:00Z,-30.524411,151.645793,EPSG:4326,-30.5244111,151.6457933,GDA94,Phascolarctos cinereus,Published dataset
dr368,2014-12-14T00:00:00Z,-30.526029,151.643623,EPSG:4326,-30.5260294,151.6436226,GDA94,Phascolarctos cinereus,Published dataset
dr368,2004-07-01T00:00:00Z,-30.488014,151.676821,EPSG:4326,-30.48801404,151.6768208,GDA94,Phascolarctos cinereus,Published dataset
dr368,2013-12-09T00:00:00Z,-30.500494,151.638879,EPSG:4326,-30.50049417,151.6388792,GDA94,Phascolarctos cinereus,Published dataset
dr368,2015-12-12T00:00:00Z,-30.501079,151.694689,EPSG:4326,-30.5010795,151.6946889,GDA94,Phascolarctos cinereus,Published dataset
dr368,2011-01-04T00:00:00Z,-30.492883,151.701067,EPSG:4326,-30.49288279,151.7010674,GDA94,Phascolarctos cinereus,Published dataset
dr368,2014-01-18T00:00:00Z,-30.501502,151.639709,EPSG:4326,-30.50150243,151.6397092,GDA94,Phascolarctos cinereus,Published dataset
dr368,2017-06-10T00:00:00Z,-30.489239,151.643033,EPSG:4326,-30.48923883,151.6430333,GDA94,Phascolarctos cinereus,Published dataset
dr368,2015-12-10T00:00:00Z,-30.494591,151.665261,EPSG:4326,-30.49459061,151.6652605,GDA94,Phascolarctos cinereus,Published dataset
dr368,2015-01-04T00:00:00Z,-30.528561,151.655304,EPSG:4326,-30.52856055,151.6553041,GDA94,Phascolarctos cinereus,Published dataset
dr368,2015-11-15T00:00:00Z,-30.49465,151.672464,EPSG:4326,-30.49464955,151.6724636,GDA94,Phascolarctos cinereus,Published dataset
dr368,2015-02-07T00:00:00Z,-30.531373,151.66134,EPSG:4326,-30.53137327,151.6613405,GDA94,Phascolarctos cinereus,Published dataset
dr368,2014-03-02T00:00:00Z,-30.524417,151.643716,EPSG:4326,-30.52441655,151.6437158,GDA94,Phascolarctos cinereus,Published dataset
dr368,2017-06-06T00:00:00Z,-30.48579,151.643031,EPSG:4326,-30.48578991,151.6430312,GDA94,Phascolarctos cinereus,Published dataset
dr368,2018-09-18T00:00:00Z,-30.491647,151.646401,EPSG:4326,-30.49164733,151.646401,GDA94,Phascolarctos cinereus,Published dataset
dr368,2016-01-29T00:00:00Z,-30.529587,151.65728,EPSG:4326,-30.52958722,151.6572805,GDA94,Phascolarctos cinereus,Published dataset
dr368,2010-08-28T00:00:00Z,-30.527985,151.659955,EPSG:4326,-30.52798483,151.6599553,GDA94,Phascolarctos cinereus,Published dataset
dr368,2009-08-13T00:00:00Z,-30.489428,151.685768,EPSG:4326,-30.48942759,151.6857677,GDA94,Phascolarctos cinereus,Published dataset
dr368,2015-12-19T00:00:00Z,-30.500585,151.680338,EPSG:4326,-30.50058476,151.6803383,GDA94,Phascolarctos cinereus,Published dataset
dr368,2013-12-12T00:00:00Z,-30.529082,151.645008,EPSG:4326,-30.52908163,151.6450084,GDA94,Phascolarctos cinereus,Published dataset
dr368,2013-11-02T00:00:00Z,-30.489968,151.68235,EPSG:4326,-30.48996804,151.6823496,GDA94,Phascolarctos cinereus,Published dataset
dr368,2015-04-24T00:00:00Z,-30.505396,151.665464,EPSG:4326,-30.50539638,151.6654638,GDA94,Phascolarctos cinereus,Published dataset
dr368,2013-07-19T00:00:00Z,-30.497496,151.642644,EPSG:4326,-30.49749615,151.6426443,GDA94,Phascolarctos cinereus,Published dataset
dr368,2013-12-06T00:00:00Z,-30.501625,151.639342,EPSG:4326,-30.50162453,151.6393419,GDA94,Phascolarctos cinereus,Published dataset
dr368,2009-11-17T00:00:00Z,-30.491649,151.686662,EPSG:4326,-30.49164876,151.6866618,GDA94,Phascolarctos cinereus,Published dataset
dr368,2013-08-04T00:00:00Z,-30.501382,151.639641,EPSG:4326,-30.50138201,151.639641,GDA94,Phascolarctos cinereus,Published dataset
dr368,2011-01-23T00:00:00Z,-30.498145,151.673291,EPSG:4326,-30.49814515,151.6732914,GDA94,Phascolarctos cinereus,Published dataset
dr368,2015-02-03T00:00:00Z,-30.484571,151.643968,EPSG:4326,-30.48457135,151.6439679,GDA94,Phascolarctos cinereus,Published dataset
dr368,2010-11-22T00:00:00Z,-30.508035,151.693433,EPSG:4326,-30.50803546,151.6934333,GDA94,Phascolarctos cinereus,Published dataset
dr368,2018-04-11T00:00:00Z,-30.50157,151.66621,EPSG:4326,-30.50157,151.66621,GDA94,Phascolarctos cinereus,Published dataset
dr368,2010-12-14T00:00:00Z,-30.498139,151.67323,EPSG:4326,-30.49813911,151.6732298,GDA94,Phascolarctos cinereus,Published dataset
dr368,2017-10-23T00:00:00Z,-30.487517,151.644032,EPSG:4326,-30.48751716,151.6440315,GDA94,Phascolarctos cinereus,Published dataset
dr368,2014-02-08T00:00:00Z,-30.490509,151.682534,EPSG:4326,-30.49050949,151.6825336,GDA94,Phascolarctos cinereus,Published dataset
dr368,2010-11-14T00:00:00Z,-30.4885,151.638599,EPSG:4326,-30.48850028,151.6385992,GDA94,Phascolarctos cinereus,Published dataset
dr368,2012-09-25T00:00:00Z,-30.496542,151.691301,EPSG:4326,-30.49654224,151.6913013,GDA94,Phascolarctos cinereus,Published dataset
dr368,2018-02-17T00:00:00Z,-30.489462,151.641195,EPSG:4326,-30.4894621,151.641195,GDA94,Phascolarctos cinereus,Published dataset
dr368,2012-11-08T00:00:00Z,-30.484929,151.642424,EPSG:4326,-30.48492879,151.642424,GDA94,Phascolarctos cinereus,Published dataset
dr368,2015-10-18T00:00:00Z,-30.49984,151.638067,EPSG:4326,-30.49984033,151.6380674,GDA94,Phascolarctos cinereus,Published dataset
dr368,2014-01-17T00:00:00Z,-30.494982,151.63725,EPSG:4326,-30.49498238,151.6372505,GDA94,Phascolarctos cinereus,Published dataset
dr368,2015-02-02T00:00:00Z,-30.4862,151.645268,EPSG:4326,-30.48620042,151.6452682,GDA94,Phascolarctos cinereus,Published dataset
dr368,2013-11-06T00:00:00Z,-30.503011,151.649649,EPSG:4326,-30.50301123,151.6496486,GDA94,Phascolarctos cinereus,Published dataset
dr368,2014-04-08T00:00:00Z,-30.494674,151.636342,EPSG:4326,-30.49467369,151.6363418,GDA94,Phascolarctos cinereus,Published dataset
dr368,2009-12-02T00:00:00Z,-30.520715,151.670315,EPSG:4326,-30.52071461,151.6703147,GDA94,Phascolarctos cinereus,Published dataset
dr368,2015-01-21T00:00:00Z,-30.502575,151.671939,EPSG:4326,-30.50257547,151.6719387,GDA94,Phascolarctos cinereus,Published dataset
dr368,2010-10-11T00:00:00Z,-30.493942,151.700116,EPSG:4326,-30.49394178,151.7001157,GDA94,Phascolarctos cinereus,Published dataset
dr368,2014-01-15T00:00:00Z,-30.525809,151.643668,EPSG:4326,-30.52580887,151.643668,GDA94,Phascolarctos cinereus,Published dataset
dr368,2012-09-25T00:00:00Z,-30.496542,151.691301,EPSG:4326,-30.49654228,151.6913013,GDA94,Phascolarctos cinereus,Published dataset
dr368,2008-08-13T00:00:00Z,-30.489399,151.685552,EPSG:4326,-30.48939876,151.6855522,GDA94,Phascolarctos cinereus,Published dataset
dr368,2015-12-10T00:00:00Z,-30.494591,151.66526,EPSG:4326,-30.49459057,151.6652605,GDA94,Phascolarctos cinereus,Published dataset
dr368,2012-11-08T00:00:00Z,-30.484929,151.642424,EPSG:4326,-30.48492875,151.642424,GDA94,Phascolarctos cinereus,Published dataset
dr368,2013-12-17T00:00:00Z,-30.501389,151.639721,EPSG:4326,-30.50138899,151.6397214,GDA94,Phascolarctos cinereus,Published dataset
dr368,2014-11-02T00:00:00Z,-30.495878,151.685169,EPSG:4326,-30.495878,151.685169,GDA94,Phascolarctos cinereus,Published dataset
dr368,2014-01-14T00:00:00Z,-30.50157,151.66621,EPSG:4326,-30.50157,151.66621,GDA94,Phascolarctos cinereus,Published dataset
dr368,1991-12-22T00:00:00Z,-30.522131,151.656542,EPSG:4326,-30.5221314,151.6565423,GDA94,Phascolarctos cinereus,Published dataset
dr368,2010-09-28T00:00:00Z,-30.510399,151.636714,EPSG:4326,-30.51039864,151.636714,GDA94,Phascolarctos cinereus,Published dataset
dr368,2013-12-02T00:00:00Z,-30.523669,151.646618,EPSG:4326,-30.52366868,151.6466178,GDA94,Phascolarctos cinereus,Published dataset
dr368,2014-01-11T00:00:00Z,-30.524745,151.643547,EPSG:4326,-30.52474519,151.6435471,GDA94,Phascolarctos cinereus,Published dataset
dr368,2019-01-05T00:00:00Z,-30.50157,151.66621,EPSG:4326,-30.50157,151.66621,GDA94,Phascolarctos cinereus,Published dataset
dr368,2017-12-25T00:00:00Z,-30.514456,151.665598,EPSG:4326,-30.5144557,151.6655979,GDA94,Phascolarctos cinereus,Published dataset
dr368,2013-12-07T00:00:00Z,-30.498085,151.6732,EPSG:4326,-30.4980854,151.6731997,GDA94,Phascolarctos cinereus,Published dataset
dr368,2014-02-08T00:00:00Z,-30.49051,151.682534,EPSG:4326,-30.49050953,151.6825336,GDA94,Phascolarctos cinereus,Published dataset
dr368,2013-10-11T00:00:00Z,-30.501347,151.639388,EPSG:4326,-30.50134653,151.6393877,GDA94,Phascolarctos cinereus,Published dataset
dr368,2014-04-21T00:00:00Z,-30.489938,151.68417,EPSG:4326,-30.4899379,151.6841702,GDA94,Phascolarctos cinereus,Published dataset
dr368,2013-12-14T00:00:00Z,-30.501723,151.639264,EPSG:4326,-30.50172321,151.6392639,GDA94,Phascolarctos cinereus,Published dataset
dr368,2015-04-24T00:00:00Z,-30.505358,151.665725,EPSG:4326,-30.5053576,151.6657251,GDA94,Phascolarctos cinereus,Published dataset
dr368,2015-10-20T00:00:00Z,-30.489491,151.683563,EPSG:4326,-30.48949123,151.6835628,GDA94,Phascolarctos cinereus,Published dataset
dr368,2015-02-01T00:00:00Z,-30.53971,151.652726,EPSG:4326,-30.53970972,151.652726,GDA94,Phascolarctos cinereus,Published dataset
dr368,2015-12-12T00:00:00Z,-30.501031,151.694491,EPSG:4326,-30.50103066,151.6944914,GDA94,Phascolarctos cinereus,Published dataset
dr368,2013-05-10T00:00:00Z,-30.512696,151.699583,EPSG:4326,-30.51269597,151.6995829,GDA94,Phascolarctos cinereus,Published dataset
dr368,2013-05-08T00:00:00Z,-30.529317,151.652774,EPSG:4326,-30.52931662,151.6527743,GDA94,Phascolarctos cinereus,Published dataset
dr368,2013-12-31T00:00:00Z,-30.524467,151.64305,EPSG:4326,-30.52446686,151.6430502,GDA94,Phascolarctos cinereus,Published dataset
dr368,2014-11-21T00:00:00Z,-30.503566,151.668709,EPSG:4326,-30.5035662,151.6687093,GDA94,Phascolarctos cinereus,Published dataset
dr368,2017-08-16T00:00:00Z,-30.489816,151.683334,EPSG:4326,-30.48981591,151.6833344,GDA94,Phascolarctos cinereus,Published dataset
dr368,2015-08-28T00:00:00Z,-30.53064,151.657041,EPSG:4326,-30.5306405,151.6570409,GDA94,Phascolarctos cinereus,Published dataset
dr368,2017-10-14T00:00:00Z,-30.520367,151.674222,EPSG:4326,-30.52036667,151.6742221,GDA94,Phascolarctos cinereus,Published dataset
dr368,2010-12-05T00:00:00Z,-30.507582,151.693365,EPSG:4326,-30.5075822,151.6933653,GDA94,Phascolarctos cinereus,Published dataset
dr368,2014-11-15T00:00:00Z,-30.490883,151.683698,EPSG:4326,-30.49088308,151.683698,GDA94,Phascolarctos cinereus,Published dataset
dr368,2016-09-27T00:00:00Z,-30.524505,151.64612,EPSG:4326,-30.52450515,151.6461198,GDA94,Phascolarctos cinereus,Published dataset
dr368,2015-12-12T00:00:00Z,-30.502468,151.695911,EPSG:4326,-30.5024682,151.695911,GDA94,Phascolarctos cinereus,Published dataset
dr368,2010-12-28T00:00:00Z,-30.507897,151.693945,EPSG:4326,-30.50789724,151.6939448,GDA94,Phascolarctos cinereus,Published dataset
dr368,2009-09-04T00:00:00Z,-30.494988,151.699978,EPSG:4326,-30.49498756,151.6999784,GDA94,Phascolarctos cinereus,Published dataset
dr368,2013-10-30T00:00:00Z,-30.493816,151.640129,EPSG:4326,-30.49381573,151.6401292,GDA94,Phascolarctos cinereus,Published dataset
dr368,2018-03-18T00:00:00Z,-30.49666,151.686381,EPSG:4326,-30.49666021,151.686381,GDA94,Phascolarctos cinereus,Published dataset
dr368,2019-08-23T00:00:00Z,-30.488369,151.643194,EPSG:4326,-30.48836929,151.6431944,GDA94,Phascolarctos cinereus,Published dataset
dr368,2015-03-04T00:00:00Z,-30.527389,151.648078,EPSG:4326,-30.52738897,151.6480783,GDA94,Phascolarctos cinereus,Published dataset
dr368,2019-08-23T00:00:00Z,-30.48845,151.643408,EPSG:4326,-30.48845042,151.6434076,GDA94,Phascolarctos cinereus,Published dataset
dr368,2012-09-06T00:00:00Z,-30.529388,151.672403,EPSG:4326,-30.52938842,151.6724033,GDA94,Phascolarctos cinereus,Published dataset
dr368,2014-01-08T00:00:00Z,-30.500572,151.640748,EPSG:4326,-30.50057167,151.640748,GDA94,Phascolarctos cinereus,Published dataset
dr368,2010-09-04T00:00:00Z,-30.52457,151.637229,EPSG:4326,-30.52456951,151.6372292,GDA94,Phascolarctos cinereus,Published dataset
dr368,2014-11-08T00:00:00Z,-30.52448,151.645972,EPSG:4326,-30.52447953,151.6459719,GDA94,Phascolarctos cinereus,Published dataset
dr368,2016-02-10T00:00:00Z,-30.487485,151.644391,EPSG:4326,-30.48748525,151.6443908,GDA94,Phascolarctos cinereus,Published dataset
dr368,2012-09-04T00:00:00Z,-30.524869,151.643738,EPSG:4326,-30.52486918,151.6437383,GDA94,Phascolarctos cinereus,Published dataset
dr368,2010-10-16T00:00:00Z,-30.492674,151.679562,EPSG:4326,-30.49267385,151.6795622,GDA94,Phascolarctos cinereus,Published dataset
dr368,2013-11-19T00:00:00Z,-30.495243,151.688476,EPSG:4326,-30.49524292,151.6884758,GDA94,Phascolarctos cinereus,Published dataset
dr368,2013-10-10T00:00:00Z,-30.492994,151.641226,EPSG:4326,-30.49299382,151.6412263,GDA94,Phascolarctos cinereus,Published dataset
dr368,2017-06-06T00:00:00Z,-30.474104,151.63362,EPSG:4326,-30.47410425,151.63362,GDA94,Phascolarctos cinereus,Published dataset
dr368,2007-09-06T00:00:00Z,-30.490217,151.682648,EPSG:4326,-30.49021684,151.6826485,GDA94,Phascolarctos cinereus,Published dataset
dr368,2013-12-11T00:00:00Z,-30.504452,151.651925,EPSG:4326,-30.50445161,151.6519246,GDA94,Phascolarctos cinereus,Published dataset
dr368,2010-10-16T00:00:00Z,-30.492442,151.679573,EPSG:4326,-30.49244181,151.6795729,GDA94,Phascolarctos cinereus,Published dataset
dr368,2012-09-25T00:00:00Z,-30.496623,151.691249,EPSG:4326,-30.49662321,151.6912489,GDA94,Phascolarctos cinereus,Published dataset
dr368,2012-09-04T00:00:00Z,-30.524869,151.643738,EPSG:4326,-30.52486914,151.6437383,GDA94,Phascolarctos cinereus,Published dataset
dr368,2013-12-06T00:00:00Z,-30.501625,151.639342,EPSG:4326,-30.50162457,151.6393419,GDA94,Phascolarctos cinereus,Published dataset
dr368,2009-08-13T00:00:00Z,-30.489265,151.68556,EPSG:4326,-30.4892652,151.6855601,GDA94,Phascolarctos cinereus,Published dataset
dr368,2013-12-11T00:00:00Z,-30.504452,151.651925,EPSG:4326,-30.50445165,151.6519246,GDA94,Phascolarctos cinereus,Published dataset
dr368,2014-01-15T00:00:00Z,-30.525809,151.643668,EPSG:4326,-30.52580883,151.643668,GDA94,Phascolarctos cinereus,Published dataset
dr368,2013-12-29T00:00:00Z,-30.524369,151.643636,EPSG:4326,-30.52436926,151.6436359,GDA94,Phascolarctos cinereus,Published dataset
dr368,2015-12-12T00:00:00Z,-30.502679,151.695971,EPSG:4326,-30.50267939,151.6959711,GDA94,Phascolarctos cinereus,Published dataset
dr368,2013-12-17T00:00:00Z,-30.501389,151.639721,EPSG:4326,-30.50138903,151.6397214,GDA94,Phascolarctos cinereus,Published dataset
dr368,2011-07-12T00:00:00Z,-30.489953,151.64102,EPSG:4326,-30.4899535,151.6410199,GDA94,Phascolarctos cinereus,Published dataset
dr368,2014-11-08T00:00:00Z,-30.486408,151.639033,EPSG:4326,-30.48640795,151.6390326,GDA94,Phascolarctos cinereus,Published dataset
dr368,2015-02-07T00:00:00Z,-30.523855,151.647692,EPSG:4326,-30.5238552,151.6476923,GDA94,Phascolarctos cinereus,Published dataset
dr368,2013-11-25T00:00:00Z,-30.501374,151.639411,EPSG:4326,-30.50137411,151.6394113,GDA94,Phascolarctos cinereus,Published dataset
dr368,2017-08-11T00:00:00Z,-30.485591,151.6823,EPSG:4326,-30.48559134,151.6822999,GDA94,Phascolarctos cinereus,Published dataset
dr368,2015-08-28T00:00:00Z,-30.53064,151.657041,EPSG:4326,-30.53064046,151.6570409,GDA94,Phascolarctos cinereus,Published dataset
dr368,2015-11-28T00:00:00Z,-30.493611,151.672578,EPSG:4326,-30.49361066,151.6725781,GDA94,Phascolarctos cinereus,Published dataset
dr368,2013-10-01T00:00:00Z,-30.501265,151.639385,EPSG:4326,-30.501265,151.639385,GDA94,Phascolarctos cinereus,Published dataset
dr368,2015-11-08T00:00:00Z,-30.484595,151.643553,EPSG:4326,-30.48459451,151.6435533,GDA94,Phascolarctos cinereus,Published dataset
dr368,2014-03-02T00:00:00Z,-30.524417,151.643716,EPSG:4326,-30.52441651,151.6437158,GDA94,Phascolarctos cinereus,Published dataset
dr368,2014-07-27T00:00:00Z,-30.529532,151.652859,EPSG:4326,-30.5295325,151.6528588,GDA94,Phascolarctos cinereus,Published dataset
dr368,2019-02-24T00:00:00Z,-30.485737,151.639692,EPSG:4326,-30.48573721,151.6396921,GDA94,Phascolarctos cinereus,Published dataset
dr368,2011-02-15T00:00:00Z,-30.487972,151.695522,EPSG:4326,-30.48797201,151.6955215,GDA94,Phascolarctos cinereus,Published dataset
dr368,2013-12-22T00:00:00Z,-30.52534,151.644629,EPSG:4326,-30.52533977,151.6446291,GDA94,Phascolarctos cinereus,Published dataset
dr368,2013-06-14T00:00:00Z,-30.500477,151.640608,EPSG:4326,-30.50047743,151.6406076,GDA94,Phascolarctos cinereus,Published dataset
dr368,2009-08-13T00:00:00Z,-30.4893,151.685856,EPSG:4326,-30.48930025,151.6858557,GDA94,Phascolarctos cinereus,Published dataset
dr368,2019-05-25T00:00:00Z,-30.494956,151.626953,EPSG:4326,-30.49495567,151.6269527,GDA94,Phascolarctos cinereus,Published dataset
dr368,2015-04-21T00:00:00Z,-30.524608,151.646252,EPSG:4326,-30.52460833,151.6462524,GDA94,Phascolarctos cinereus,Published dataset
dr368,2015-10-21T00:00:00Z,-30.495003,151.683974,EPSG:4326,-30.49500293,151.6839744,GDA94,Phascolarctos cinereus,Published dataset
dr368,2008-08-13T00:00:00Z,-30.489399,151.685552,EPSG:4326,-30.48939872,151.6855522,GDA94,Phascolarctos cinereus,Published dataset
dr368,2013-06-14T00:00:00Z,-30.500477,151.640608,EPSG:4326,-30.50047738,151.6406076,GDA94,Phascolarctos cinereus,Published dataset
dr368,2010-10-11T00:00:00Z,-30.493942,151.700116,EPSG:4326,-30.49394174,151.7001157,GDA94,Phascolarctos cinereus,Published dataset
dr368,2011-02-15T00:00:00Z,-30.487972,151.695522,EPSG:4326,-30.48797197,151.6955216,GDA94,Phascolarctos cinereus,Published dataset
dr368,2002-10-26T00:00:00Z,-30.489931,151.684073,EPSG:4326,-30.48993079,151.6840731,GDA94,Phascolarctos cinereus,Published dataset
dr368,2013-08-04T00:00:00Z,-30.501382,151.639641,EPSG:4326,-30.50138205,151.639641,GDA94,Phascolarctos cinereus,Published dataset
dr368,2016-03-05T00:00:00Z,-30.532099,151.662038,EPSG:4326,-30.53209944,151.6620379,GDA94,Phascolarctos cinereus,Published dataset
dr368,2013-12-22T00:00:00Z,-30.52534,151.644629,EPSG:4326,-30.52533973,151.6446291,GDA94,Phascolarctos cinereus,Published dataset
dr368,2013-08-22T00:00:00Z,-30.495562,151.657969,EPSG:4326,-30.49556213,151.6579695,GDA94,Phascolarctos cinereus,Published dataset
dr368,2013-12-03T00:00:00Z,-30.524171,151.646248,EPSG:4326,-30.52417132,151.646248,GDA94,Phascolarctos cinereus,Published dataset
dr368,2015-10-18T00:00:00Z,-30.49984,151.638067,EPSG:4326,-30.49984038,151.6380674,GDA94,Phascolarctos cinereus,Published dataset
dr368,2013-11-25T00:00:00Z,-30.501403,151.639402,EPSG:4326,-30.50140311,151.6394023,GDA94,Phascolarctos cinereus,Published dataset
dr4701,2013-11-13T00:00:00Z,-30.501319,151.639415,EPSG:4326,-30.501319,151.639415,,Phascolarctos cinereus,
dr4701,2014-11-02T00:00:00Z,-30.495878,151.685169,EPSG:4326,-30.495878,151.685169,,Phascolarctos cinereus,
dr799,2013-10-11T00:00:00Z,-30.500992,151.640244,EPSG:4326,-30.500992,151.640244,,Phascolarctos cinereus,Individual sightings
dr799,2013-11-14T00:00:00Z,-30.492588,151.689078,EPSG:4326,-30.492588,151.689078,,Phascolarctos cinereus,Individual sightings
dr799,2013-11-13T00:00:00Z,-30.501319,151.639415,EPSG:4326,-30.501319,151.639415,,Phascolarctos cinereus,Individual sightings
dr799,2013-10-10T00:00:00Z,-30.501265,151.639385,EPSG:4326,-30.501265,151.639385,,Phascolarctos cinereus,Individual sightings
